Symbol,Name,LastSale,NetChange,NetChangeDirection,PercentChange,1YrPercentChange
"ACTX","Global X Guru Activist ETF","14.59","0.1401","up","0.97","11.07"
"ADZ","PowerShares DB Agriculture Short ETN","31.24","0","unch","0","-6.66"
"AGA","PowerShares DB Agriculture Double Short ETN","25","0","unch","0","-14.47"
"AGF","PowerShares DB Agriculture Long ETN","11.7","0","unch","0","3.82"
"AGG","iShares Core U.S. Aggregate Bond ETF","107.34","-0.08","down","0.07","-0.7"
"AGGY","WisdomTree Trust WisdomTree Barclays U.S. Aggregate Bond Enhan","49.2","-0.06","down","0.12","0.53"
"AGND","WisdomTree Barclays U.S. Aggregate Bond Negative Duration Fund","44.45","0.34","up","0.77","0.16"
"AGQ","ProShares Ultra Silver","32.29","0.93","up","2.97","8.06"
"AGZ","iShares  Agency Bond ETF","112.1","-0.09","down","0.08","-0.72"
"AGZD","WisdomTree Barclays U.S. Aggregate Bond Zero Duration Fund","48.0287","0.0113","up","0.02","0.5"
"AIRR","First Trust RBA American Industrial Renaissance ETF","24.2193","0.1493","up","0.62","42.34"
"ALFA","AlphaClone Alternative Alpha ETF","35.6721","0.0821","up","0.23","-6.14"
"AMJ","JPMorgan Alerian MLP Index ETN","31.74","0.02","up","0.06","9.12"
"AMLP","Alerian MLP ETF","12.71","-0.01","down","0.08","6.09"
"AMU","ETRACS Alerian MLP Index ETN","19.96","0.01","up","0.05","9.32"
"AMZA","InfraCap MLP ETF","11.37","0.01","up","0.09","2.25"
"ATMP","Barclays ETN  Select MLP ETN","23.78","0.07","up","0.3","25.85"
"BAB","PowerShares Build America Bond Portfolio","28.86","-0.05","down","0.17","0.14"
"BAL","iPath Bloomberg Cotton Sub-Index Total Return ETN","45.76","-0.152","down","0.33","9.31"
"BBC","BioShares Biotechnology Clinical Trials Fund","18.87","-0.45","down","2.33","-34.71"
"BBH","VanEck Vectors Biotech ETF","109.11","-0.14","down","0.13","-13.74"
"BBP","BioShares Biotechnology Products Fund","33.76","-0.2027","down","0.6","9.87"
"BCM","iPath Pure Beta Broad Commodity","27.27","0.38","up","1.41","12.56"
"BDCL","ETRACS 2X Leveraged Long Wells Fargo Business Development Comp","19.66","0.14","up","0.72","18.3"
"BDCS","ETRACS Linked to the Wells Fargo Business Development Company","22.68","0.13","up","0.58","10.22"
"BDD","PowerShares DB Base Metals Double Long ETN","6.3","0","unch","0","64.06"
"BFOR","Barron's 400","35.6","0.285","up","0.81","16.07"
"BIB","ProShares Ultra Nasdaq Biotechnology","41.75","-0.29","down","0.69","-41.28"
"BIL","SPDR Bloomberg Barclays 1-3 Month T-Bill ETF","45.72","0.01","up","0.02","0.07"
"BIS","ProShares UltraShort Nasdaq Biotechnology","33.5","0.27","up","0.81","15.38"
"BIV","Vanguard Intermediate-Term Bond ETF","82.25","-0.2","down","0.24","-0.77"
"BIZD","VanEck Vectors BDC Income ETF","18.34","0.07","up","0.38","10.79"
"BJK","VanEck Vectors Gaming ETF","33.8558","0.072","up","0.21","7.72"
"BKLN","PowerShares Exchange-Traded Fund Trust ETF","23.34","0.01","up","0.04","4.29"
"BLNG","iPath Pure Beta Precious Metals","29.837","-1.0231","down","3.32","3.42"
"BLV","Vanguard Long-Term Bond ETF","87.99","-0.31","down","0.35","1.44"
"BND","Vanguard Total Bond Market ETF","80.2","-0.06","down","0.07","-0.59"
"BNO","United States Brent Oil Fund, LP ETV","15.68","0.235","up","1.52","24.4"
"BOIL","ProShares Ultra Bloomberg Natural Gas","18.82","0.4","up","2.17","23.38"
"BOM","PowerShares DB Base Metals Double Short ETN","13.875","0","unch","0","-41.68"
"BOS","PowerShares DB Base Metals Short ETN","21.57","0","unch","0","-27.5"
"BSCQ","Claymore Exchange-Traded Fund Trust ETF","19.0385","0.0173","up","0.09","-5.28"
"BSJO","Guggenheim BulletShares 2024 High Yield Corporate Bond ETF","25.1259","0.0359","up","0.14","0.64"
"BSWN","UBS AG VelocityShares VIX Tail Risk ETN linked to the S&P 500","22.6527","-0.0572","down","0.25","-9.34"
"BTAL","QuantShares U.S. Market Neutral Anti Beta Fund ETF","19.3621","-0.0479","down","0.25","-5.69"
"BTEC","Principal Healthcare Innovators Index ETF","23.2","0","unch","0","-9.02"
"BWV","iPath CBOE S&P 500 BuyWrite Index ETN","69.7345","0","unch","0","5.75"
"CAFE","iPath Pure Beta Coffee ETN","13.41","-0.1936","down","1.42","5.02"
"CANE","Teucrium Sugar Fund ETV","12.458","0.198","up","1.62","26.13"
"CAPE","Barclays ETN  Schiller CAPE Index ETN","97.55","0.32","up","0.33","19.51"
"CAPX","Elkhorn S&P 500 Capital Expenditures Portfolio","25.99","0","unch","0","14.7"
"CARZ","First Trust NASDAQ Global Auto Index Fund","34.77","-0.0527","down","0.15","-6.35"
"CDC","Victory CEMP US EQ Income Enhanced Volatility Wtd Index ETF","41.6999","0.0799","up","0.19","15.74"
"CEFL","ETRACS Monthly Pay 2xLeveraged Closed-End Fund ETN","16.51","0.02","up","0.12","5.37"
"CEZ","Victory CEMP Emerging Market Volatility Wtd Index ETF","24.1","0.0714","up","0.3","-3.92"
"CFA","Victory CEMP US 500 Volatility Wtd Index ETF","40.89","0.1401","up","0.34","12.48"
"CFO","Victory CEMP US 500 Enhanced Volatility Wtd Index ETF","40.898","0.178","up","0.44","12.39"
"CHEP","QuantShares U.S. Market Neutral Value Fund ETF","27.4475","0","unch","0","14.66"
"CHOC","iPath Pure Beta Cocoa","33.5036","-5.1964","down","13.43","-19.68"
"CIBR","First Trust NASDAQ Cybersecurity ETF","19.83","0.165","up","0.84","9.22"
"CJNK","SPDR BofA Merrill Lynch Crossover Corporate Bond ETF","25.95","0.06","up","0.23","6.15"
"CLAW","Direxion Daily Homebuilders & Supplies Bear 3X Shares","29.6","-0.5502","down","1.82","-34.4"
"CMBS","iShares CMBS Bond ETF","50.69","0.01","up","0.02","0.02"
"CMD","ProShares UltraShort Bloomberg Commodity","80.17","0.51","up","0.64","27.72"
"CMDT","iShares Commodity Optimized Trust","36.8199","0.5898","up","1.63","13.4"
"CMF","iShares California Muni Bond ETF","114.88","-0.18","down","0.16","-2.73"
"CNDA","IQ Canada Small Cap ETF","16.23","-0.0889","down","0.54","32.04"
"COMT","iShares Commodities Select Strategy ETF","34.18","0.32","up","0.95","19.18"
"CORN","Teucrium Corn Fund ETV","18.94","0.37","up","1.99","-14.19"
"COW","iPath Bloomberg Livestock Subindex Total Return ETN","22.2","0.29","up","1.32","-6.81"
"CPER","United States Copper Index Fund ETV","16.3604","0.0904","up","0.56","15.39"
"CPI","IQ Real Return ETF","26.9","0.0191","up","0.07","1.32"
"CSB","Victory CEMP US Small Cap High Div Volatility Wtd Index ETF","41.9801","0.1501","up","0.36","24.42"
"CSCR","Credit Suisse Commodity Rotation ETN","13.49","0","unch","0","6.14"
"CSF","Victory CEMP US Discovery Enhanced Volatility Wtd Index ETF","41.1876","0.3312","up","0.81","16.48"
"CSLS","Credit Suisse Long/Short Liquid Index","26.6166","-0.3034","down","1.13","-2.46"
"CSM","ProShares Credit Suisse 130/30","55.93","0.19","up","0.34","11.88"
"CTNN","iPath Pure Beta Cotton","29.12","0.05","up","0.17","7.15"
"CUPM","iPath Pure Beta Copper","28.84","0","unch","0","20.12"
"CURE","Direxion Daily Healthcare Bull 3X Shares","28.39","0.11","up","0.39","-16.53"
"CZA","Guggenheim Mid-Cap Core ETF","54.88","0.12","up","0.22","12.21"
"DAG","PowerShares DB Agriculture Double Long ETN","3.56","0.03","up","0.85","6.97"
"DBA","PowerShares DB Agriculture Fund","19.95","0.2","up","1.01","-3.56"
"DBB","PowerShares DB Base Metals Fund","15.13","0.17","up","1.14","26.57"
"DBC","PowerShares DB Commodity Index Trac","15.78","0.24","up","1.54","16.06"
"DBE","PowerShares DB Energy Fund","13.72","0.18","up","1.33","21.11"
"DBMX","Deutsche X-trackers MSCI Mexico Hedged Equity ETF","19.4601","-0.0399","down","0.2","-5.8"
"DBO","PowerShares DB Oil Fund","9.69","0.14","up","1.47","3.58"
"DBP","PowerShares DB Precious Metals Fund","34.59","0.26","up","0.76","4.98"
"DBS","PowerShares DB Silver Fund","24.93","0.32","up","1.3","8.22"
"DCNG","iPath Seasonal Natural Gas","20.3067","0","unch","0","33.27"
"DDG","ProShares Short Oil & Gas","22.705","-0.115","down","0.5","-24.16"
"DDM","ProShares Ultra Dow30","84.97","0.14","up","0.17","29.22"
"DDP","PowerShares DB Commodity Short ETN","54.3","0","unch","0","-3.04"
"DEE","PowerShares DB Commodity Double Short ETN","73.53","0","unch","0","-22.75"
"DES","WisdomTree Trust SmallCap Dividend Fund","83.29","0.44","up","0.53","25.17"
"DESC","Deutsche X-trackers Russell 2000 Comprehensive Factor ETF","31.94","0","unch","0","25.75"
"DEUS","Deutsche X-trackers Russell 1000 Comprehensive Factor ETF","27.38","0.1","up","0.37","11.99"
"DFND","Reality Shares DIVCON Dividend Defender","23.55","0.03","up","0.13","-0.8"
"DFVL","iPath US Treasury 5-year Bull ETN","63","0","unch","0","-4.69"
"DFVS","iPath US Treasury 5-year Bear Exchange Traded Note","32.14","0","unch","0","1.23"
"DGAZ","VelocityShares 3X Inverse Natural Gas ETN","3.07","-0.18","down","5.54","-84.46"
"DGL","PowerShares DB Gold Fund","36.71","0.2","up","0.55","4.31"
"DGLD","VelocityShares 3x Inverse Gold ETN linked to S&P GSCI Gold Ind","66.62","-1.14","down","1.68","0"
"DGP","PowerShares DB Gold Double Long ETN","19.7","0.3","up","1.55","5.04"
"DGRO","iShares Core Dividend Growth ETF","29.22","0.05","up","0.17","11.98"
"DGRS","WisdomTree U.S. SmallCap Quality Dividend Growth Fund","34.445","0.209","up","0.61","26.49"
"DGRW","WisdomTree U.S. Quality Dividend Growth Fund","33.62","0.1","up","0.3","9.4"
"DGZ","PowerShares DB Gold Short ETN","15.47","-0.07","down","0.45","-8.26"
"DHS","WisdomTree High Dividend Fund","67.62","0.04","up","0.06","13.05"
"DHVW","Diamond Hill Valuation-Weighted 500 ETF","26.46","0.09","up","0.34","10.75"
"DIA","SPDR Dow Jones Industrial Average ETF","199.21","0.16","up","0.08","13.22"
"DIG","ProShares Ultra Oil & Gas","44.89","0.26","up","0.58","39.34"
"DIRT","iPath Pure Beta Agriculture ETN","31.53","0","unch","0","-0.19"
"DIV","Global X Super Dividend ETF","24.8945","-0.0055","down","0.02","1.92"
"DIVA","QuantShares Hedged Dividend Income Fund","25.79","0.04","up","0.16","7.65"
"DIVC","C-Tracks Miller/Howard Strategic Dividend Reinvestor","30.07","0","unch","0","28.28"
"DIVY","Realty Shares DIVS ETF","25.29","-0.04","down","0.16","8.71"
"DJCI","ETRACS Linked to the Bloomberg Commodity Index Total Return du","15.9197","0.2197","up","1.4","10.8"
"DJD","Guggenheim Dow Jones Industrial Average Dividend ETF","29.19","-0.1","down","0.34","15.77"
"DJP","iPath Bloomberg Commodity Index Total Return ETN","24.23","0.39","up","1.64","11.3"
"DLBL","iPath US Treasury Long Bond Bull ETN","79.33","0","unch","0","0"
"DLBS","iPath US Treasury Long Bond Bear ETN","20.84","0.21","up","1.02","-3.15"
"DLN","WisdomTree LargeCap Dividend Fund","80.63","0.09","up","0.11","11.78"
"DNO","United States Short Oil Fund","61.76","-1.2401","down","1.97","-20.99"
"DOD","Dow Jones High Yield Select 10 Total Return Index ETF","18.51","-0.1","down","0.54","18.54"
"DOG","ProShares Short Dow30","18.88","0","unch","0","-15.6"
"DON","WisdomTree MidCap Dividend Fund","95.21","0.31","up","0.33","16.87"
"DPST","Direxion Daily Regional Banks Bull 3X Shares","71.9","1.7714","up","2.53","108.53"
"DRIP","Direxion Daily S&P Oil & Gas Exp. & Prod. Bear 3X Shares","12.15","-0.21","down","1.7","-87.28"
"DRN","Dexion Daily Real Estate Bull 3x Shares","20.31","0.09","up","0.45","8.17"
"DRV","Drexion Daily Real Estate Bear 3x Shares","13.41","-0.05","down","0.37","-32.19"
"DSLV","VelocityShares 3x Inverse Silver ETN linked to S&P GSCI Silver","31.99","-1.46","down","4.36","-48.69"
"DTD","WisdomTree Total Dividend Fund","81.897","0.107","up","0.13","12.89"
"DTN","WisdomTree Dividend Ex-Financials Fund","81.25","0.17","up","0.21","13.81"
"DTO","PowerShares DB Crude Oil Double Short ETN","104.7488","-4.2612","down","3.91","-29.29"
"DTUL","iPath US Treasury 2-year Bull ETN","61.93","0","unch","0","-1.84"
"DTUS","iPath US Treasury 2-year Bear ETN","33","0.19","up","0.58","-0.58"
"DTYL","iPath US Treasury 10-year Bull ETN","73.72","0","unch","0","-5.46"
"DTYS","iPath US Treasury 10-year Bear ETN","21.12","0.0903","up","0.43","3.85"
"DUG","ProShares UltraShort Oil & Gas","36.28","-0.22","down","0.6","-45.9"
"DVP","Deep Value ETF","27.09","0.2099","up","0.78","18.62"
"DVY","iShares Select Dividend ETF","89.48","0.25","up","0.28","16.28"
"DVYL","ETRACS Monthly Pay 2x Leveraged Dow Jones Select Dividend ETN","61.4916","0.5076","up","0.83","34.26"
"DWAQ","PowerShares DWA NASDAQ Momentum Portfolio","78.6201","0","unch","0","6.06"
"DWAS","PowerShares DWA SmallCap Momentum Portfolio","41.14","0.14","up","0.34","7.36"
"DWFI","SPDR Dorsey Wright Fixed Income Allocation ETF","24.49","-0.13","down","0.53","-1.64"
"DWTR","PowerShares DWA Tactical Sector Rotation Portfolio","24.79","0.15","up","0.61","-3.37"
"DXD","ProShares UltraShort Dow30","13.93","-0.035","down","0.25","-29.41"
"DYB","WisdomTree Dynamic Bearish U.S. Equity","24.9157","0.0157","up","0.06","2.17"
"DYLS","WisdomTree Dynamic Long/Short U.S. Equity","27.75","0.13","up","0.47","9.73"
"DYY","PowerShares DB Commodity Double Long ETN","3.65","0.15","up","4.29","9.72"
"DZZ","PowerShares DB Gold Double Short ETN","6.98","-0.08","down","1.13","-18.94"
"EDV","Vanguard Extended Duration Treasury ETF","107.66","-0.41","down","0.38","-5.63"
"EEH","Elements Exchange Traded Notes SPECTRUM Large Cap US Sector Mo","17.16","0","unch","0","12.75"
"EES","WisdomTree SmallCap Earnings Fund","98.67","0.63","up","0.64","26.75"
"EMDD","Columbia EM Strategic Opportunities ETF","16.66","-0.17","down","1.01","-9.27"
"EMLP","First Trust North American Energy Infrastructure Fund","25.35","0.08","up","0.32","23.87"
"ENFR","Alerian Energy Infrastructure ETF","24","0.02","up","0.08","36.48"
"ENY","Guggenheim Canadian Energy Income ETF","9.016","-0.014","down","0.16","29"
"EPRF","Elkhorn S&P High Quality Preferred ETF","23.23","-0.1171","down","0.5","-7.12"
"EPS","WisdomTree Earnings 500 Fund","78.298","0.388","up","0.5","11.33"
"EQAL","PowerShares Russell 1000 Equal Weight POrtfolio","27.27","0.1","up","0.37","14.06"
"EQL","ALPS Equal Sector Weight ETF","60.7277","0.2081","up","0.34","9.66"
"EQLT","Workplace Equality Portfolio ETF","30.61","0","unch","0","13.2"
"EQWL","PowerShares Russell Top 200 Equal Weight Portfolio","43.88","0.2399","up","0.55","11.33"
"EQWM","PowerShares Russell Midcap Equal Weight Portfolio","42.22","0.23","up","0.55","16.15"
"EQWS","PowerShares Russell 2000 Equal Weight Portfolio","40.06","0.26","up","0.65","24.8"
"ERX","Direxion Energy Bull 3X Shares","41.89","0.35","up","0.84","61.89"
"ERY","Direxion Daily Energy Bear 3X Shares","9.11","-0.07","down","0.76","-65.97"
"ESG","FlexShares STOXX US ESG Impact Index Fund","53.15","0","unch","0","5.69"
"ESGL","Oppenheimer Revenue Weighted ETF Trust Oppenheimer ESG Revenue","27.31","0","unch","0","0"
"ESGS","Columbia Sustainable U.S. Equity Income ETF","27.8138","0.0638","up","0.23","13.27"
"ESGU","iShares MSCI USA ESG Optimized ETF","49.31","0","unch","0","2.18"
"ETHO","Etho Climate Leadership U.S. ETF","28.33","0.1277","up","0.45","13.62"
"EUSA","iShares MSCI USA Equal Weighted ETF","47.95","0.1","up","0.21","11.59"
"EVX","VanEck Vectors Environmental Services ETF","76.3855","0.4195","up","0.55","29.2"
"EWC","iShares MSCI Canada Index Fund","26.07","0","unch","0","18.93"
"EWMC","Guggenheim S&P MidCap 400 Equal Weight ETF","58.26","0.37","up","0.64","35.16"
"EWRE","Guggenheim S&P 500 Equal Weight Real Estate ETF","25.97","0.09","up","0.35","2.09"
"EWSC","Guggenheim S&P SmallCap 600 Equal Weight ETF","50.6109","0.4909","up","0.98","43.45"
"EWW","iShares MSCI Mexico Capped Investable Market Index Fund","43.44","-0.26","down","0.59","-14.6"
"EXT","WisdomTree Total Earnings Fund","80.74","0.59","up","0.74","12.3"
"EZM","WisdomTree MidCap Earnings Fund","104.06","0.54","up","0.52","17.16"
"EZY","WisdomTree Low P/E Fund","68.701","0.324","up","0.47","6.74"
"FAAR","First Trust Alternative Absolute Return Strategy ETF","28.77","-0.03","down","0.1","-3.58"
"FAB","First Trust Multi Cap Value AlphaDEX Fund","51.26","0.2","up","0.39","22.77"
"FAD","First Trust Multi Cap Growth AlphaDEX Fund","53.3928","0.3908","up","0.74","6.4"
"FALN","iShares Fallen Angels USD Bond ETF","26.8699","0","unch","0","6.97"
"FAS","Direxion Financial Bull 3X Shares","42.06","0.23","up","0.55","39.95"
"FAZ","Direxion Financial Bear 3X Shares","21.18","-0.11","down","0.52","-47.01"
"FBGX","FI Enhanced Large Cap Growth ETN","142.52","0.96","up","0.68","13.2"
"FBND","Fidelity Total Bond ETF","49.32","-0.14","down","0.28","2.91"
"FCAN","First Trust Canada AlphaDEX Fund","23.0302","-0.1683","down","0.73","8.72"
"FCEF","First Trust CEF Income Opportunity ETF","20.03","0.01","up","0.05","-0.4"
"FCG","First Trust Natural Gas ETF","26.79","0.13","up","0.49","16.17"
"FCOM","Fidelity MSCI Telecommunication Services Index ETF","32.58","0.0532","up","0.16","19.82"
"FCOR","Fidelity Corporate Bond ETF","49.0643","0.0643","up","0.13","3.7"
"FDIS","Fidelity MSCI Consumer Discretionary Index ETF","32.72","0.13","up","0.4","5.64"
"FDL","First Trust Morningstar ETF","27.995","0.045","up","0.16","16.7"
"FDLO","Fidelity Low Volatility Factor ETF","26.14","0.0499","up","0.19","3.94"
"FDM","First Trust DJ Select MicroCap ETF","44.5","0.17","up","0.38","33.08"
"FDMO","Fidelity Momentum Factor ETF","25.9","0.12","up","0.47","2.38"
"FDN","First Trust DJ Internet Index Fund","81.44","0.61","up","0.75","7.66"
"FDRR","Fidelity Dividend ETF for Rising Rates","26.75","0.0803","up","0.3","5.62"
"FDVV","Fidelity Core Dividend ETF","26.4758","0.0549","up","0.21","5.05"
"FENY","Fidelity MSCI Energy Index ETF","21.52","0.055","up","0.26","21.44"
"FEX","First Trust Large Cap Core AlphaDEX Fund","49.46","0.16","up","0.32","12.69"
"FHLC","Fidelity MSCI Health Care Index ETF","33.24","0.01","up","0.03","-4.18"
"FIBG","CS FI Enhanced Big Cap Growth ETN","64.18","0","unch","0","10.94"
"FIDU","Fidelity MSCI Industrials Index ETF","32.69","0.0501","up","0.15","19.25"
"FINU","ProShares UltraPro Financial Select Sector","132.7566","0.2566","up","0.19","66.08"
"FINZ","ProShares UltraPro Short Financial Select Sector","7.83","-0.0547","down","0.69","-58.28"
"FLAG","WeatherStorm Forensic Accounting Long Short ETF","38.433","0.103","up","0.27","24.01"
"FLAT","iPath US Treasury Flattener ETN","58.61","-0.36","down","0.61","-2.32"
"FLGE","Credit Suisse FI Large Cap Growth Enhanced ETN","143.191","1.408","up","0.99","13.44"
"FLLV","Franklin Liberty U.S. Low Volatility ETF","25.41","0","unch","0","-0.78"
"FLTB","Fidelity Limited Term Bond ETF","49.88","-0.12","down","0.24","0.58"
"FMAT","Fidelity MSCI Materials Index ETF","29.39","0.11","up","0.38","18.88"
"FMB","First Trust Managed Municipal ETF","50.78","-0.17","down","0.33","-1.75"
"FMF","First Trust Morningstar Managed Futures Strategy Fund","47.2","0.25","up","0.53","-3.2"
"FMK","First Trust Mega Cap AlphaDEX Fund","28.5","0.16","up","0.56","6.78"
"FNCL","Fidelity MSCI Financials Index ETF","35.05","0.06","up","0.17","22.69"
"FNDA","Schwab Fundamental U.S. Small Company Index ETF","34.54","0.16","up","0.47","21.48"
"FNDB","Schwab Fundamental U.S. Broad Market Index ETF","33.04","0.09","up","0.27","14.17"
"FNDX","Schwab Fundamental U.S. Large Company Index ETF","33.05","0.07","up","0.21","13.68"
"FNK","First Trust Mid Cap Value AlphaDEX Fund","33.4456","0.1856","up","0.56","23.23"
"FNX","First Trust Mid Cap Core AlphaDEX Fund","57.18","0.24","up","0.42","16.8"
"FNY","First Trust Mid Cap Growth AlphaDEX Fund","31.83","0.14","up","0.44","8.86"
"FOIL","iPath Pure Beta Aluminum","24.5","0.32","up","1.32","14.87"
"FPE","First Trust Preferred Securities and Income ETF ETF","18.98","-0.01","down","0.05","1.12"
"FPX","First Trust US Equity Opportunities ETF","54.6533","0.1433","up","0.26","5.74"
"FQAL","Fidelity Quality Factor ETF","26.5999","0.1099","up","0.41","4.7"
"FRAK","VanEck Vectors Unconventional Oil & Gas ETF","18.6648","0.1048","up","0.56","35.08"
"FREL","Fidelity MSCI Real Estate Index ETF","23.11","0.03","up","0.13","2.12"
"FRI","First Trust S&P REIT Index Fund","22.64","0.04","up","0.18","2.73"
"FSTA","Fidelity MSCI COnsumer Staples Index ETF","31.41","0.03","up","0.1","2.85"
"FTA","First Trust Large Cap Value AlphaDEX Fund","47.59","0.13","up","0.27","21.47"
"FTC","First Trust Large Cap Growth AlphaDEX Fund","49.81","0.2","up","0.4","2.23"
"FTCS","First Trust Capital Strength ETF","41.25","0.07","up","0.17","7.27"
"FTEC","Fidelity MSCI Information Technology Index ETF","37.55","0.17","up","0.45","12.76"
"FTGC","First Trust Global Tactical Commodity Strategy Fund","20.45","0.22","up","1.09","0.5"
"FTHI","First Trust High Income ETF","21.55","0.01","up","0.05","6.27"
"FTLB","First Trust Low Beta Income ETF","21.275","0.036","up","0.17","6.2"
"FTLS","First Trust Long/Short Equity","35.0487","0.1687","up","0.48","5.76"
"FTSD","Franklin Liberty Short Duration U.S. Government ETF","97.19","-0.11","down","0.11","-1.22"
"FTXG","First Trust Nasdaq Food & Beverage ETF","20.18","0.1825","up","0.91","-0.05"
"FTXH","First Trust Nasdaq Pharmaceuticals ETF","18.3699","0","unch","0","-10.13"
"FTXN","First Trust Nasdaq Oil & Gas ETF","22.65","0","unch","0","7.81"
"FTXO","First Trust Nasdaq Bank ETF","26.5","0.11","up","0.42","28.04"
"FTXR","First Trust Nasdaq Transportation ETF","23.15","0.0501","up","0.22","13.79"
"FUD","UBS E-TRACS CMCI Food Total Return ETN","19.55","0.2862","up","1.49","3.55"
"FUE","Elements Exchange Traded Notes MLCX Biofuels Index (Exchange S","7.24","0","unch","0","-3.47"
"FUT","Managed Futures Strategy","41.51","0.12","up","0.29","3.14"
"FUTY","Fidelity MSCI Utilities Index ETF","31.66","-0.01","down","0.03","13.23"
"FV","First Trust Dorsey Wright Focus 5 ETF","23.6","0.12","up","0.51","0"
"FVAL","Fidelity Value Factor ETF","27.77","0.1116","up","0.4","9.5"
"FVD","First Trust VL Dividend","28.22","0.03","up","0.11","17.02"
"FVL","First Trust Value Line 100 Fund","22.0599","0.2099","up","0.96","10.02"
"FWDD","Madrona Domestic ETF","45.1324","-0.1783","down","0.39","11.41"
"FXD","First Trust Cons. Discret. AlphaDEX","36.055","0.155","up","0.43","4.18"
"FXG","First Trust Cons. Staples AlphaDEX","46.05","0.12","up","0.26","2.09"
"FXH","First Trust Health Care AlphaDEX","58.06","-0.17","down","0.29","-4.21"
"FXL","First Trust Technology AlphaDEX","38.84","0.35","up","0.91","14.83"
"FXN","First Trust Energy AlphaDEX Fund","16.98","0.13","up","0.77","16.61"
"FXO","First Trust Financials AlphaDEX","27.24","0.05","up","0.18","16.5"
"FXR","First Trust Industrials AlphaDEX","33.48","0.1","up","0.3","26.01"
"FXU","First Trust Utilities AlphaDEX Fund","26.94","0.06","up","0.22","19.2"
"FXZ","First Trust Materials AlphaDEX Fund","36.61","0.19","up","0.52","27.52"
"FYC","First Trust Small Cap Growth AlphaDEX Fund","35.28","0.2192","up","0.63","13.91"
"FYT","First Trust Small Cap Value AlphaDEX Fund","35.385","0.195","up","0.55","26.08"
"FYX","First Trust Small Cap Core AlphaDEX Fund","54.63","0.27","up","0.5","20.29"
"GARD","Reality Shares DIVCON Dividend Guard","20.8","0","unch","0","-12.31"
"GASL","Direxion Daily Natural Gas Related Bull 3X Shares","47.74","0.82","up","1.75","-32.97"
"GASX","Direxion Daily Natural Gas Related Bear 3X Shares","21.42","-0.34","down","1.56","-89.82"
"GAZ","iPath Bloomberg Natural Gas Subindex Total Return ETN","0.66","0.02","up","3.13","3.23"
"GBIL","Goldman Sachs Group, Inc. (The) ETF","100.04","-0.0087","down","0.01","0.01"
"GCC","WisdomTree Continuous Commodity Index Fund","19.37","0.28","up","1.47","3.52"
"GDJJ","ProShares Ultra Junior Miners","47.44","3.39","up","7.7","71.53"
"GDXS","ProShares UltraShort Gold Miners ETF","24.22","-1.25","down","4.91","-75.96"
"GENY","Principal Millennials Index ETF","24.9229","-0.0771","down","0.31","-0.4"
"GLD","SPDR Gold Trust","108.56","0.63","up","0.58","5.49"
"GLDI","Credit Suisse Gold Shares Covered Calls ETN","8.87","0.06","up","0.68","-14.8"
"GLL","ProShares UltraShort Gold","92.33","-1.17","down","1.25","-17.9"
"GLTR","ETFS Physical Precious Metal Basket Shares ETF","57.3003","0.6003","up","1.06","7.06"
"GMMB","Columbia Intermediate Municipal Bond Fund","52.084","-0.026","down","0.05","-2.31"
"GMTB","Columbia Core Bond ETF","51.0242","-0.2858","down","0.56","1.04"
"GNMA","iShares GNMA Bond ETF","49.3","-0.09","down","0.18","-1.08"
"GOVT","iShares U.S. Treasury Bond ETF","24.77","-0.04","down","0.16","-1.19"
"GRN","iPath Global Carbon ETN","7.47","-0.03","down","0.4","-26.4"
"GRU","Elements Exchange Traded Notes MLCX Grains Index-Total Return","3.76","0.11","up","3.01","-12.26"
"GRWN","iPath Pure Beta Softs","24.8","-0.41","down","1.63","17.8"
"GSC","Goldman Sachs Connect S&P GSCI Enhanced Commodity Total Return","23.245","0.385","up","1.68","16.99"
"GSG","iShares GSCI Commodity-Indexed Trust Fund","15.62","0.22","up","1.43","7.99"
"GSLC","Goldman Sachs ActiveBeta U.S. Large Cap Equity ETF","44.86","0.05","up","0.11","0"
"GSP","iPath S&P GSCI Total Return Index ETN","14.66","0.24","up","1.66","10.24"
"GURU","Global X Guru Index ETF","24.48","0.1","up","0.41","2.83"
"GUSH","Direxion Daily S&P Oil & Gas Exp. & Prod. Bull 3X Shares","109.26","1.97","up","1.84","44.99"
"HDG","ProShares Hedge Replication ETF","43.05","0.1157","up","0.27","1.83"
"HDGE","Ranger Equity Bear Bear ETF","9.165","-0.055","down","0.6","-13.59"
"HDLV","ETRACS Monthly Pay 2xLeveraged US High Dividend Low Volatility","31.65","-0.09","down","0.28","18.92"
"HDV","iShares Core High Dividend ETF","82.79","0.05","up","0.06","10.07"
"HECO","EcoLogical Strategy ETF","40.2201","0","unch","0","8.32"
"HEVY","iPath Pure Beta Industrial Metals","27.052","0","unch","0","11.09"
"HEWC","iShares Currency Hedged MSCI Canada ETF","25.3","0","unch","0","18.17"
"HEWW","iShares Currency Hedged MSCI Mexico ETF","20.61","0.6185","up","3.09","-7.84"
"HIPS","Master Income ETF","18.07","0.1103","up","0.61","12.18"
"HOML","ETRACS Monthly Reset 2xLeveraged ISE Exclusively Homebuilders","24.1741","0","unch","0","9.17"
"HSPX","Horizons S&P 500 Covered Call","45.9499","0.2399","up","0.52","5.93"
"HUSE","US Market Rotation Strategy ETF","40.73","0.24","up","0.59","5.17"
"HUSV","First Trust Exchange-Traded Fund III First Trust Horizon Manag","20.21","0.0239","up","0.12","0.95"
"HVPW","U.S. Equity High Volatility Put Write Index Fund","19.48","0.04","up","0.21","-6.9"
"HYD","VanEck Vectors High Yield Municipal Index ETF","29.24","-0.03","down","0.1","-5.12"
"HYDD","Direxion Daily High Yield Bear 2X Shares","21.15","0.04","up","0.19","-15.9"
"HYIH","Deutsche X-trackers High Yield Corporate Bond - Interest Rate","23.506","-0.1139","down","0.48","9.66"
"HYLB","Deutsche X-trackers USD High Yield Corporate Bond ETF","50.44","0.01","up","0.02","0.12"
"HYMB","SPDR Nuveen S&P High Yield Municipal Bond ETF","55.99","0","unch","0","-1.67"
"HYXE","iShares iBoxx $ High Yield ex Oil & Gas Corporate Bond ETF","50.769","0","unch","0","2.05"
"IAI","iShares U.S. Broker-Dealers & Securities Exchanges ETF","50.34","0.08","up","0.16","20.47"
"IAK","iShares U.S. Insurance ETF","60","0.04","up","0.07","16.34"
"IAT","iShares U.S. Regional Banks ETF","46.01","0.18","up","0.39","28.81"
"IAU","ishares Gold Trust","10.97","0.07","up","0.64","5.62"
"IBCC","iShares iBonds Mar 2018 Term Corporate ex-Financials ETF","24.6341","0.004","up","0.02","-0.66"
"IBCD","iShares iBonds Mar 2020 Term Corporate ex-Financials Term ETF","24.49","-0.013","down","0.05","0.5"
"IBCE","iShares iBonds Mar 2023 Term Corporate ex-Financials ETF","23.98","0.0699","up","0.29","0.33"
"IBDB","iShares iBonds Mar 2018 Term Corporate ETF","25.55","-0.01","down","0.04","-0.46"
"IBDC","iShares iBonds Mar 2020 Term Corporate ETF","26.025","-0.065","down","0.25","0.93"
"IBDD","iShares iBonds Mar 2023 Term Corporate ETF","26.0062","0.0561","up","0.22","1.21"
"IBDH","iShares iBonds Dec 2018 Term Corporate ETF","25.11","0","unch","0","0.32"
"IBDJ","iShares iBonds Dec 2017 Term Corporate ETF","24.85","0.01","up","0.04","-0.04"
"IBDL","iShares iBonds Dec 2020 Term Corporate ETF","25.095","-0.065","down","0.26","0.28"
"IBDR","iShares iBonds Dec 2026 Term Corporate ETF","23.73","0.0039","up","0.02","-4.93"
"IBLN","Direxion iBillionaire Index ETF","25.37","0.09","up","0.36","3.65"
"IBMF","iShares iBonds Sep 2017 Term Muni Bond ETF","27.3","0.07","up","0.26","-0.51"
"IBMG","iShares iBonds Sep 2018 Term Muni Bond ETF","25.38","0.05","up","0.2","-0.71"
"IBMH","iShares iBonds Sep 2019 Term Muni Bond ETF","25.31","-0.0099","down","0.04","-0.74"
"IBMI","iShares iBonds Sep 2020 Term Muni Bond ETF","25.22","0.03","up","0.12","-1.25"
"IBMJ","iShares iBonds Dec 2021 Term Muni Bond ETF","25.2","0.05","up","0.2","-1.53"
"IBMK","iShares iBonds Dec 2022 Term Muni Bond ETF","25.19","-0.0417","down","0.17","-1.68"
"ICF","iShares Cohen & Steers REIT ETF","97.88","0.2","up","0.2","-1.99"
"ICVT","iShares Convertible Bond ETF","49.52","0.19","up","0.39","7.05"
"IDU","iShares U.S. Utilities ETF","122.16","0.16","up","0.13","10.74"
"IEF","iShares 7-10 Year Treasury Bond ETF","103.81","-0.15","down","0.14","-1.87"
"IEI","iShares 3-7 Year Treasury Bond ETF","121.78","-0.16","down","0.13","-0.71"
"IEO","iShares U.S. Oil & Gas Exploration & Production ETF","67.06","0.26","up","0.39","21.32"
"IEZ","iShares U.S. Oil Equipment & Services ETF","46.4","0.48","up","1.05","22.16"
"IGEM","VanEck Vectors ETF Trust Market Vectors EM Investment Grade +","23.4883","0","unch","0","-6.04"
"IGM","iShares North American Tech ETF","126.28","0.8","up","0.64","12.46"
"IGN","iShares North American Tech-Multimedia Networking ETF","44.23","0.18","up","0.41","19.02"
"IGV","iShares North American Tech-Software ETF","110.74","0.32","up","0.29","5.76"
"IHE","iShares U.S. Pharmaceutical ETF","142.06","-0.58","down","0.41","-13.58"
"IHF","iShares U.S. Health Care Providers ETF","127.28","0.11","up","0.09","1.02"
"IHI","iShares U.S. Medical Devices ETF","133.85","0.26","up","0.19","7.86"
"IJH","iShares Core S&P Mid-Cap ETF","167.26","0.74","up","0.44","17.51"
"IJJ","iShares S&P Mid-Cap 400 Value ETF","147.07","0.55","up","0.38","22.39"
"IJK","iShares S&P Mid-Cap 400 Growth ETF","184.03","0.78","up","0.43","12.63"
"IJR","iShares Core S&P Small-Cap ETF","139.39","0.84","up","0.61","23.51"
"IJS","iShares S&P SmallCap 600 Value ETF","141.91","0.84","up","0.6","27.54"
"IJT","iShares S&P SmallCap 600 Growth ETF","152","0.9","up","0.6","19.74"
"ILTB","iShares Core 10  Year USD Bond ETF","59.8","-0.08","down","0.13","1.65"
"IMLP","iPath S&P MLP ETN","20.7","0.01","up","0.05","13.31"
"IMTB","iShares Core 5-10 Year USD Bond ETF","48.4359","-0.0041","down","0.01","-3.14"
"IPE","SPDR Bloomberg Barclays TIPS ETF","55.91","-0.09","down","0.16","2.36"
"ISTB","iShares Core 1-5 Year USD Bond ETF","49.7917","-0.0483","down","0.1","0.3"
"ITA","iShares U.S. Aerospace & Defense ETF","142.6","0.37","up","0.26","19.71"
"ITB","iShares U.S. Home Construction ETF","28.06","0.25","up","0.9","1.5"
"ITE","SPDR Bloomberg Barclays Intermediate Term Treasury ETF","59.4","-0.08","down","0.13","-0.7"
"ITM","VanEck Vectors AMT-Free Intermediate Municipal Index ETF","23.04","0.01","up","0.04","-3.72"
"ITOT","iShares Core S&P Total U.S. Stock Market ETF","51.94","0.13","up","0.25","9.8"
"IUSB","iShares Core Total USD Bond Market ETF","49.94","0.01","up","0.02","0.58"
"IUSG","iShares Core Russell U.S. Growth ETF","43.53","0.13","up","0.3","5.79"
"IUSV","iShares Core Russell U.S. Vaue ETF","49.685","0.085","up","0.17","14.6"
"IVE","iShares S&P 500 Value ETF","102.49","0.17","up","0.17","13.29"
"IVOG","Vanguard S&P Mid-Cap 400 Growth ETF","113.35","0.44","up","0.39","13.39"
"IVOO","Vanguard S&P Mid-Cap 400 ETF","112.76","0.41","up","0.36","18.35"
"IVOP","iPath Inverse S&P 500 VIX Short-Term Futures ETN","37.5403","0","unch","0","-0.79"
"IVOV","Vanguard S&P Mid-Cap 400 Value ETF","111.63","0.43","up","0.39","23.71"
"IVV","iShares Core S&P 500 ETF","227.64","0.64","up","0.28","8.9"
"IVW","iShares S&P 500 Growth ETF","123.43","0.34","up","0.28","5.09"
"IWB","iShares Russell 1000 ETF","125.97","0.3","up","0.24","9.19"
"IWC","iShares Microcap ETF","86.84","0.29","up","0.34","17.74"
"IWD","iShares Russell 1000 Value ETF","113.22","0.21","up","0.19","13.36"
"IWF","iShares Russell 1000 Growth ETF","106.3","0.32","up","0.3","5.27"
"IWL","iShares Russell Top 200 ETF","51.57","0.16","up","0.31","8.62"
"IWM","iShares Russell 2000 ETF","136.65","0.61","up","0.45","18.52"
"IWN","iShares Russell 2000 Value ETF","120.41","0.53","up","0.44","27.29"
"IWO","iShares Russell 2000 Growth ETF","156.29","0.71","up","0.46","9.83"
"IWP","iShares Russell Midcap Growth ETF","98.86","0.47","up","0.48","5.81"
"IWR","iShares Russell Mid-Cap ETF","181.15","0.61","up","0.34","11.07"
"IWS","iShares Russell Mid-cap Value ETF","81.38","0.24","up","0.3","16.2"
"IWV","iShares Russell 3000 ETF","134.59","0.29","up","0.22","9.79"
"IWX","iShares Russell Top 200 Value ETF","47.61","0.08","up","0.17","12.07"
"IWY","iShares Russell Top 200 Growth ETF","57.07","0.17","up","0.3","5.04"
"IYC","iShares U.S. Consumer Services ETF","153.47","0.57","up","0.37","4.95"
"IYE","iShares U.S. Energy ETF","42.18","0.08","up","0.19","19.4"
"IYF","iShares U.S. Financial ETF","102.22","0.11","up","0.11","13.9"
"IYG","iShares U.S. Financial Services ETF","107.93","0.27","up","0.25","17.73"
"IYH","iShares U.S. Healthcare ETF","145.53","0.03","up","0.02","-4.65"
"IYJ","iShares U.S. Industrials ETF","122.23","0.25","up","0.2","17.13"
"IYK","iShares U.S. Consumer Goods ETF","111.45","0.04","up","0.04","1.06"
"IYM","iShares U.S. Basic Materials ETF","84.66","0.39","up","0.46","16.51"
"IYR","iShares U.S. Real Estate ETF","75.92","0.09","up","0.12","-0.14"
"IYT","iShares Transportation AverageETF","165.42","0.18","up","0.11","20.63"
"IYW","iShares U.S. Technology ETF","122.65","0.57","up","0.47","12.7"
"IYY","iShares Dow Jones U.S. ETF","113.59","0.34","up","0.3","9.43"
"IYZ","iShares U.S. Telecommunications ETF","35.07","0.04","up","0.11","18.87"
"JHMC","John Hancock Multifactor Consumer Discretionary ETF","26.68","0","unch","0","3.99"
"JHMF","John Hancock Multifactor Financials ETF","31.1195","0.1129","up","0.36","18.4"
"JHMH","John Hancock Multifactor Healthcare ETF","26.149","0.109","up","0.42","-1.99"
"JHML","John Hancock Multifactor Large Cap ETF","29.5","0.13","up","0.44","10.7"
"JHMM","John Hancock Multifactor Mid Cap ETF","29.1","0.11","up","0.38","12.5"
"JHMT","John Hancock Multifactor Technology ETF","31.44","0.2712","up","0.87","15.02"
"JJA","iPath Bloomberg Agriculture Sub-Index Total Return ETN","34.87","0.7199","up","2.11","-1.59"
"JJC","iPath Bloomberg Copper Sub-Index Total Return ETN","28.92","0.52","up","1.83","15.78"
"JJE","iPath Bloomberg Energy Sub-Index Total Return ETN","6.71","0.17","up","2.6","20.22"
"JJG","iPath Bloomberg Grains Sub-Index Total Return ETN","28.55","0.88","up","3.18","-10.34"
"JJM","iPath Bloomberg Industrial Metals Sub-Index Total Return ETN","23.48","0.14","up","0.6","22.46"
"JJN","iPath Bloomberg Nickel Sub-Index Total Return ETN","12.7","0.07","up","0.55","18.48"
"JJP","iPath Bloomberg Precious Metals Sub-Index Total Return ETN","52.61","0.723","up","1.39","4.45"
"JJS","iPath Bloomberg Softs Sub-Index Total Return ETN","37.56","0.46","up","1.24","13.25"
"JJT","iPath Bloomberg Tin Sub-Index Total Return ETN","47.2501","0","unch","0","49.19"
"JJU","iPath Bloomberg Aluminum Sub-Index Total Return ETN","14.93","0","unch","0","8.74"
"JKD","iShares Morningstar Large-Cap ETF","134.1","0.2909","up","0.22","10.1"
"JKE","iShares Morningstar Large-Cap Growth ETF","122.75","0.38","up","0.31","0.95"
"JKF","iShares Morningstar Large-Cap  Value ETF","95.16","0.0401","up","0.04","13.97"
"JKG","iShares Morningstar Mid-Cap ETF","159.19","0.4","up","0.25","9.67"
"JKH","iShares Morningstar Mid-Cap Growth ETF","163.74","0.41","up","0.25","6.01"
"JKI","iShares Morningstar Mid-Cap ETF","147.0047","0.6747","up","0.46","21.13"
"JKJ","iShares Morningstar Small-Cap ETF","158.27","0.59","up","0.37","20.48"
"JKK","iShares Morningstar Small-Cap Growth ETF","147.29","1.27","up","0.87","7.57"
"JKL","iShares Morningstar Small-Cap Value ETFnd","144.83","0.55","up","0.38","22.76"
"JO","iPath Bloomberg Coffee Sub-Index Total Return ETN","19.17","-0.1","down","0.52","0"
"JPHF","J P Morgan Chase & Co ETF","25.7","-0.05","down","0.19","1.38"
"KBE","SPDR S&P Bank ETF","44.16","0.18","up","0.41","28.22"
"KBWB","PowerShares KBW Bank Portfolio","47.99","0.09","up","0.19","25.79"
"KBWD","PowerShares KBW High Dividend Yield Financial Portfolio","23.09","0.01","up","0.04","6.7"
"KBWR","PowerShares KBW Regional Banking Portfolio","56.785","0.405","up","0.72","35.43"
"KBWY","PowerShares KBW Premium Yield Equity REIT Portfolio","37.02","0.09","up","0.24","21.12"
"KCE","SPDR S&P Capital Markets ETF","45.51","0.19","up","0.42","3.47"
"KIE","SPDR S&P Insurance ETF","83.62","-0.09","down","0.11","19.93"
"KLD","iShares MSCI USA ESG Select ETF","93.08","0.27","up","0.29","10.2"
"KNOW","Direxion All Cap Insider Sentiment Shares","77.6041","0.2441","up","0.32","8.11"
"KOL","VanEck Vectors Coal ETF","12.2589","0.0589","up","0.48","90.92"
"KOLD","ProShares UltraShort Bloomberg Natural Gas","23.16","-0.64","down","2.69","-61.15"
"KRE","SPDR S&P Regional Banking ETF","56.46","0.35","up","0.62","32.27"
"KRS","ProShares Short S&P Regional Banking","16.23","0","unch","0","-32.38"
"KRU","ProShares Ultra S&P Regional Banking","167.05","1.59","up","0.96","67.61"
"LABD","Direxion Daily S&P Biotech Bear 3X Shares","17.39","0.5","up","2.96","-45.07"
"LABU","Direxion Daily S&P Biotech Bull 3X Shares","34.18","-1.18","down","3.34","-59.15"
"LALT","PowerShares Multi-Strategy Alternative Portfolio","22.7","0.06","up","0.27","1.21"
"LBDC","ETRACS 2x Monthly Leveraged Wells Fargo BDC ETN Series B","19.63","0","unch","0","22.92"
"LD","iPath Bloomberg Lead Sub-Index Total Return ETN","47.5","0","unch","0","0"
"LEDD","iPath Pure Beta Lead","35","0","unch","0","29.68"
"LGLV","SPDR SSGA US Large Cap Low Volatility Index ETF","81.32","-1.55","down","1.87","11.56"
"LKOR","FlexShares Credit-Scored US Long Corporate Bond Index Fund","50.27","-0.05","down","0.1","0.6"
"LLSC","Direxion Daily Small Cap 1.25X Shares","31.22","0","unch","0","27.17"
"LLSP","Direxion Daily S&P 500 Bull 1.25X Shares","29.1102","0.0602","up","0.21","10.71"
"LMBS","First Trust Low Duration Opportunities ETF","52.1","-0.03","down","0.06","3.33"
"LMLP","ETRACS Monthly Pay 2xLeveraged Wells Fargo MLP Ex-Energy ETN","11.6799","-0.0211","down","0.18","-13.72"
"LRET","ETRACS Monthly Pay 2xLeveraged MSCI US REIT Index ETN","25.71","0.0603","up","0.24","1.22"
"LRGF","iShares Edge MSCI Multifactor USA ETF","27.1046","0.1346","up","0.5","11.22"
"LSTK","iPath Pure Beta Livestock","39.12","-0.37","down","0.94","-7.28"
"LSVX","UBS AG VelocityShares VIX Variable Long/Short ETN linked to th","27.2995","0.1245","up","0.46","7.69"
"LTL","ProShares Ultra Telecommunications ProShares","126.14","4.49","up","3.69","50.15"
"LTPZ","Pimco 15  Year U.S. TIPS Index Exchange-Traded Fund","64.83","-0.11","down","0.17","7.61"
"MATH","Meidell Tactical Advantage ETF","29.7399","0.1948","up","0.66","4.31"
"MBB","iShares MBS ETF","105.59","-0.07","down","0.07","-2.15"
"MBG","SPDR Bloomberg Barclays Mortgage Backed Bond ETF","26.19","-0.05","down","0.19","-1.98"
"MBSD","FlexShares Disciplined Duration MBS Index Fund","23.99","-0.05","down","0.21","-3.45"
"MCEF","First Trust Municipal CEF Income Opportunity ETF","18.31","0.02","up","0.11","-9.23"
"MCRO","IQ Hedge Macro Tracker ETF","24.4683","-0.0274","down","0.11","-0.49"
"MDIV","First Trust Multi-Asset Diversified Income Index Fund","19.13","0.01","up","0.05","3.91"
"MDY","SPDR MidCap Trust Series I","305.12","1.2","up","0.39","18.14"
"MDYG","SPDR S&P 400 Mid Cap Growth ETF (based on S&P MidCap 400 Growt","134.34","0.58","up","0.43","13.33"
"MDYV","SPDR S&P 400 Mid Cap Value ETF (based on S&P MidCap 400 Value","95.43","0.37","up","0.39","23.25"
"MEAR","iShares Short Maturity Municipal Bond ETF","49.83","-0.01","down","0.02","-0.18"
"MENU","USCF Restaurant Leaders Fund","17.0798","0.0598","up","0.35","11.24"
"MGC","Vanguard Mega Cap ETF","77.29","0.2389","up","0.31","9.32"
"MGK","Vanguard Mega Cap Growth ETF","88.29","0.32","up","0.36","5.13"
"MGV","Vanguard Mega Cap Value ETF","67.83","0.08","up","0.12","13.37"
"MIDU","Direxion Mid Cap Bull 3X Shares","33.65","0.379","up","1.14","53.96"
"MIDZ","Direxion Mid Cap Bear 3X Shares","21.23","-0.281","down","1.31","-50.88"
"MLN","VanEck Vectors AMT-Free Long Municipal Index ETF","19.16","0.02","up","0.1","-3.82"
"MLPA","Global X MLP ETF","11.6208","-0.0192","down","0.16","12.25"
"MLPC","C-Tracks Miller/Howard MLP Fundamental Index","17.06","0.0801","up","0.47","8.02"
"MLPG","UBS E-TRACS Alerian Natural Gas MLP Index","26.025","0.3349","up","1.3","13.02"
"MLPI","UBS E-TRACS Alerian MLP Infrastructure Index","28.6","-0.06","down","0.21","9.85"
"MLPJ","Global X Junior MLP ETF","8.5924","0.152","up","1.8","6.3"
"MLPO","Credit Suisse S&P MLP Index ETN","16.07","0","unch","0","-10.32"
"MLPS","ETRACS 1X Monthly Short Alerian MLP Infrastructure Total Retur","11.6166","0","unch","0","-23.6"
"MLPX","Global X MLP & Energy Infrastructure ETF","15.26","0.04","up","0.26","29.09"
"MLPY","Morgan Stanley Cushing MLP High Income Index ETN","8.1957","0.1957","up","2.45","16.79"
"MLTI","Credit Suisse X-Links Multi-Asset High Income Exchange Traded","27.5516","0","unch","0","8.89"
"MMTM","SPDR S&P 1500 Momentum Tilt ETF","94.38","0","unch","0","6.37"
"MOAT","VanEck Vectors Morningstar Wide Moat ETF","35.19","0.1","up","0.28","20.92"
"MOM","QuantShares U.S. Market Neutral Momentum Fund ETF","22.6925","-0.1315","down","0.58","-17.62"
"MORL","ETRACS Monthly Pay 2x Leveraged Mortgage REIT ETN","15.46","-0.21","down","1.34","12.57"
"MORT","VanEck Vectors Mortgage REIT Income ETF","22.3","-0.13","down","0.58","9.79"
"MTK","SPDR MS Technology","61.61","0.39","up","0.64","13.16"
"MTUM","iShares Edge MSCI USA Momentum Factor ETF","77.09","0.34","up","0.44","3.96"
"MUB","iShares National Muni Bond ETF","107.8","-0.03","down","0.03","-2.52"
"MUNI","PIMCO Intermediate Municipal Bond Active Exchange-Traded Fund","52.46","-0.14","down","0.27","-2.41"
"MVV","ProShares Ultra MidCap400","96.47","0.8","up","0.84","38.09"
"MYY","ProShares Short MidCap400","12.92","-0.08","down","0.62","-19.3"
"MZZ","ProShares UltraShort MidCap400","25.22","-0.19","down","0.75","-35.98"
"NAIL","Direxion Daily Homebuilders & Supplies Bull 3X Shares","27.15","0.9","up","3.43","-1.5"
"NANR","SPDR S&P North American Natural Resources ETF","33.44","0.28","up","0.84","27.59"
"NASH","Nashville Area ETF","26.9736","-0.4564","down","1.66","1.11"
"NFO","Guggenheim Insider ETF","49.37","0.1585","up","0.32","3.21"
"NIB","iPath Bloomberg Cocoa Sub-Index Total Return ETN","28.38","-0.06","down","0.21","-31.88"
"NINI","iPath Pure Beta Nickel","16.93","-0.68","down","3.86","18.43"
"NOBL","ProShares S&P 500 Dividend Aristocrats ETF","54.38","0.19","up","0.35","8.9"
"NUAG","NuShares Enhanced Yield US Aggregate Bond ETF ETF","24.1493","0.0221","up","0.09","-3.79"
"NYF","iShares New York Muni Bond ETF","108.51","0.0315","up","0.03","-3.08"
"OEF","iShares S&P 100 ETF","100.43","0.13","up","0.13","8.33"
"OEW","Guggenheim ETF Trust ETF","28.25","0.08","up","0.28","10.21"
"OIH","VanEck Vectors Oil Services ETF","34.02","0.37","up","1.1","21.96"
"OIIL","X-Links WTI Crude Oil Index ETNs","34.19","0.6164","up","1.84","42.49"
"OIL","iPath S&P GSCI Crude Oil Total Return Index","6.35","0.13","up","2.09","-4.45"
"OILK","ProShares K1 Free Crude Oil Strategy ETF","22.5","0.4","up","1.81","8.6"
"OLEM","iPath Pure Beta Crude Oil ETN","17.3893","0.3193","up","1.87","13.42"
"OLO","PowerShares DB Crude Oil Long ETN","4.77","0.07","up","1.49","0.43"
"ONEK","SPDR Russell 1000 ETF","106.4348","29.6348","up","38.59","10.06"
"ONEO","SPDR Russell 1000 Momentum Focus ETF","65.9","0.3","up","0.46","10.77"
"ONEQ","Fidelity Nasdaq Composite Index Tracking Stock","215.32","0.32","up","0.15","8.48"
"ONEV","SPDR Russell 1000 Low Volatility Focus ETF","65.96","-0.49","down","0.74","11.94"
"ONG","iPath Pure Beta Energy","15.98","0","unch","0","-20.97"
"OUNZ","VanEck Merk Gold Trust","11.27","0.07","up","0.63","5.36"
"PALL","ETFS Physical Palladium Shares","64.63","1.52","up","2.41","18.47"
"PBE","PowerShares Dynamic Biotech &Genome","40.18","-0.3","down","0.74","-19.98"
"PBJ","PowerShares Dynamic Food & Beverage","33.65","0.04","up","0.12","2.53"
"PBP","PowerShares S&P 500 BuyWrite Portfolio","21.41","-0.06","down","0.28","2.92"
"PBS","PowerShares Dynamic Media","26.67","0.205","up","0.77","5.8"
"PDBC","PowerShares Optimum Yield Diversified Commodity Strategy No K-","17.24","0.3","up","1.77","8.52"
"PDP","PowerShares DWA Momentum Portfolio","42.48","0.15","up","0.35","1.36"
"PEJ","PowerShares Dynamic Leisure & Entertainment Portfolio","40.78","0.09","up","0.22","9.65"
"PEY","PowerShares High Yield Equity Dividend Achievers Portfolio","17.12","0.06","up","0.35","26.28"
"PEZ","PowerShares DWA Consumer Cyclicals Momentum Portfolio","43.04","0.14","up","0.33","-3.42"
"PFF","iShares US Preferred Stock ETF","37.16","-0.19","down","0.51","-3.89"
"PFI","PowerShares DWA Financial Momentum Portfolio","30.5732","0.1232","up","0.4","-1.07"
"PFIG","PowerShares Fundamental Investment Grade Corporate Bond Portfo","25.109","-0.0626","down","0.25","1.33"
"PFM","PowerShares Dividend Achievers Portfolio","23.13","0.04","up","0.17","11.22"
"PFXF","VanEck Vectors Preferred Securities ex Financials ETF","19.56","0.044","up","0.23","1.35"
"PGF","PowerShares Financial Preferred","17.95","-0.05","down","0.28","-3.12"
"PGM","iPath Bloomberg Platinum Sub-Index Total Return ETN","18.0341","-0.652","down","3.49","4.41"
"PGX","PowerShares Preferred Portfolio","14.23","-0.02","down","0.14","-3.39"
"PHB","PowerShares High Yield Corporate Bond Portfolio","18.745","-0.005","down","0.03","7.45"
"PHDG","PowerShares S&P 500 Downside Hedged Portfolio","24.29","0.06","up","0.25","-2.96"
"PHYS","Sprott Physical Gold Trust ETV","9.3","0.06","up","0.65","5.24"
"PILL","Direxion Daily Pharmaceutical & Medical Bull 2X Shares","22.404","0.2252","up","1.02","-37.85"
"PILS","Direxion Daily Pharmaceutical & Medical Bear 2X Shares","50.1354","0","unch","0","25.95"
"PJP","PowerShares Dynamic Pharmaceuticals","56.47","-0.04","down","0.07","-20.93"
"PKB","PowerShares Dynamic Build & Construction","28.6","0.21","up","0.74","17.56"
"PKW","PowerShares BuyBack Achievers Portfolio","51.24","0.15","up","0.29","11.02"
"PLW","PowerShares 1-30 Laddered Treasury Portfolio","31.6","-0.05","down","0.16","-1.98"
"PMPT","iSectors Post-MPT Growth ETF","24.3565","-0.0235","down","0.1","-2.17"
"PMR","PowerShares Dynamic Retail","36.49","-0.1509","down","0.41","-2.11"
"PNQI","PowerShares Nasdaq Internet Portfolio","84.29","0.68","up","0.81","3.35"
"PPA","PowerShares Aerospace & Defense","42.23","0.04","up","0.09","17.52"
"PPLT","ETFS Physical Platinum Shares","86.67","1.07","up","1.25","2.16"
"PRB","VanEck Vectors Pre-refunded Municipal Index ETF","24.2152","0.0075","up","0.03","-1.38"
"PRF","Powershares FTSE RAFI US 1000 Portfolio","100.88","0.22","up","0.22","14.56"
"PRFZ","PowerShares FTSE RAFI US 1500 Small-Mid Portfolio","117.02","0.67","up","0.58","22.44"
"PRN","PowerShares DWA Industrials Momentum Portfolio","50.85","0.28","up","0.55","12.7"
"PSC","Principal U.S. Small Cap Index ETF","27.92","0","unch","0","10.14"
"PSCC","PowerShares S&P SmallCap Consumer Staples Portfolio","69.62","0.23","up","0.33","23.65"
"PSCD","PowerShares S&P SmallCap Consumer Discretionary Portfolio","53.1604","0.2804","up","0.53","13.7"
"PSCE","PowerShares S&P SmallCap Energy Portfolio","21.771","0.271","up","1.26","30.7"
"PSCF","PowerShares S&P SmallCap Financials Portfolio","52.4484","0.3359","up","0.64","27.35"
"PSCH","PowerShares S&P SmallCap Health Care Portfolio","74.01","0.21","up","0.28","2.39"
"PSCI","PowerShares S&P SmallCap Industrials Portfolio","56.42","0.46","up","0.82","27.36"
"PSCM","PowerShares S&P SmallCap Materials Portfolio","48.93","0.3029","up","0.62","51.64"
"PSCT","PowerShares S&P SmallCap Information Technology Portfolio","70.76","0.564","up","0.8","32.05"
"PSCU","PowerShares S&P SmallCap Utilities Portfolio","48.65","0.3305","up","0.68","20.97"
"PSI","PowerShares Dynamic Semiconductors","37.476","0.516","up","1.4","43.7"
"PSJ","PowerShares Dynamic Software","47.865","0.315","up","0.66","11.31"
"PSK","SPDR Wells Fargo Preferred Stock ETF","41.98","-0.22","down","0.52","-4.42"
"PSL","PowerShares DWA Consumer Staples Momentum Portfolio","54.15","0.1","up","0.19","-6.16"
"PSLV","Sprott Physical Silver Trust ETV","6.05","0.07","up","1.17","9.32"
"PSQ","ProShares Short QQQ","46.38","-0.27","down","0.58","-10.12"
"PSR","PowerShares Active U.S. Real Estate Fund","74.1","0.275","up","0.37","1.01"
"PST","ProShares UltraShort Lehman 7-10 Year Treasury","23.0038","0.1065","up","0.47","-1.46"
"PTF","PowerShares DWA Technology Momenum Portfolio","41.37","0.56","up","1.37","1.27"
"PTH","PowerShares DWA Healthcare Momentum Portfolio","49.12","-0.17","down","0.34","-11.4"
"PTM","UBS E-TRACS CMCI Long Platinum Total Return ETN","9.53","0.1691","up","1.81","1.96"
"PUI","PowerShares DWA Utilities Momentum Portfolio","25.76","0.02","up","0.08","15.43"
"PUTW","WisdomTree CBOE S&P 500 PutWrite Strategy Fund","27.5047","0.0837","up","0.31","9.07"
"PVI","PowerShares VRDO Tax Free Weekly Portfolio","24.93","0.0264","up","0.11","-0.04"
"PWB","PowerShares Dynamic LargeCap Growth","32.4","0.09","up","0.28","2.54"
"PWC","PowerShares XTF: Dynamic Market Portfolio","82.4","0.6299","up","0.77","11.18"
"PWV","PowerShares Dynamic LargeCap Value","34.09","0.065","up","0.19","15.71"
"PWZ","PowerShares California AMT-Free Municipal Bond Portfolio","25.24","0.105","up","0.42","-2.75"
"PXE","PowerShares Dynamic Energy E&P","23.6295","0.0995","up","0.42","3.16"
"PXI","PowerShares DWA Energy Momentum Portfolio","44.85","0.23","up","0.52","28.37"
"PXJ","PowerShares Dynamic Oil Services","13.14","0.19","up","1.47","5.2"
"PXLG","PowerShares Russell Top 200 Pure Growth Portfolio","34.2","0.175","up","0.51","0"
"PXLV","PowerShares Russell Top 200 Pure Value Portfolio","34.913","0.1312","up","0.38","20.18"
"PXMG","PowerShares Russell Midcap Pure Growth Portfolio","31.62","0.1999","up","0.64","4.56"
"PXMV","PowerShares Russell Midcap Pure Value Portfolio","31.57","0.13","up","0.41","25.36"
"PXQ","PowerShares Dynamic Networking","41.25","0.28","up","0.68","18.89"
"PXSG","PowerShares Russell 2000 Pure Growth Portfolio","26.5327","0.2165","up","0.82","6.39"
"PXSV","PowerShares Russell 2000 Pure Value Portfolio","30.7752","0.1953","up","0.64","30.74"
"PYZ","PowerShares DWA Basic Materials Momentum Portfolio","60.69","0.51","up","0.85","21.82"
"PZA","PowerShares National AMT-Free Municipal Bond Portfolio","24.75","0.06","up","0.24","-2.87"
"PZI","PowerShares Zacks Micro Cap","18.8913","0.0909","up","0.48","20.9"
"PZT","PowerShares New York AMT-Free Municipal Bond Portfolio","23.72","0.0332","up","0.14","-2.67"
"QABA","First Trust NASDAQ ABA Community Bank Index Fund","53.5065","0.3465","up","0.65","35.51"
"QAI","IQ Hedge MultiIQ Hedge Multi-Strategy Tracker ETF","28.71","0","unch","0","0.17"
"QCAN","SPDR MSCI Canada StrategicFactors ETF","53.2925","-0.0175","down","0.03","20.28"
"QDEF","FlexShares Quality Dividend Defensive Index Fund","39.195","0.195","up","0.5","10.51"
"QDF","FlexShares Quality Dividend Index Fund","39.91","0.04","up","0.1","12.03"
"QDYN","FlexShares Quality Dynamic Index Fund","38.73","0.18","up","0.47","12.79"
"QEH","AdvisorShares QAM Equity Hedge","27.8603","0","unch","0","1.98"
"QID","ProShares UltraShort QQQ","23.02","-0.26","down","1.12","-20.79"
"QLC","FlexShares US Quality Large Cap Index Fund","28.29","0.136","up","0.48","9.11"
"QLD","ProShares Ultra QQQ","89.59","0.98","up","1.11","11.5"
"QMN","IQ Hedge Market Neutral Tracker ETF","25.4716","0.0006","up","0","2.17"
"QQEW","First Trust NASDAQ-100 Equal Weighted Index Fund","47.12","0.2232","up","0.48","7.13"
"QQQ","PowerShares QQQ Trust, Series 1","120.82","0.62","up","0.52","6.74"
"QQQE","Direxion NASDAQ-100 Equal Weighted Index Shares","70.28","0.5147","up","0.74","6.78"
"QQXT","First Trust NASDAQ-100 Ex-Technology Sector Index Fund","41.19","0.21","up","0.51","-1.68"
"QTEC","First Trust NASDAQ-100- Technology Index Fund","53.98","0.36","up","0.67","24.47"
"QUAL","iShares Edge MSCI USA Quality Factor ETF","69.81","0.06","up","0.09","6.47"
"QUS","SPDR MSCI USA StrategicFactors ETF","65.5","0.25","up","0.38","9.19"
"QVAL","ValueShares US Quantitative Value ETF","25.22","0.0923","up","0.37","11.05"
"QVM","Arrow QVM Equity Factor ETF","24.55","0","unch","0","8.25"
"QYLD","Recon Capital NASDAQ-100 Covered Call ETF","22.51","0.05","up","0.22","-3.65"
"RCD","Guggenheim S&P 500 Equal Weight Consumer Discretionary ETF","89.7243","0.2143","up","0.24","4.68"
"RDIV","Oppenheimer Ultra Dividend Revenue ETF","34.88","0.07","up","0.2","22.53"
"RDVY","First Trust Rising Dividend Achievers ETF","25.1157","0.1157","up","0.46","19.27"
"REGL","S&P MidCap 400 Dividend Aristocrats ETF","50.82","0.185","up","0.37","28.27"
"REK","ProShares Short Real Estate","17.67","-0.07","down","0.39","-8.46"
"REM","iShares Mortgage Real Estate Capped ETF","41.92","-0.21","down","0.5","4.8"
"RETL","Direxion Daily Retail Bull 3X Shares ETF","38.87","1.02","up","2.69","0.29"
"REW","ProShares UltraShort Technology","30.95","-0.4864","down","1.55","-30.37"
"REZ","iShares Residential Real Estate Capped ETF","60.81","0.2","up","0.33","-4.29"
"RFCI","RiverFront Dynamic Core Income ETF","24.34","0.0053","up","0.02","-2.29"
"RFDA","RiverFront Dynamic US Dividend Advantage ETF","27.4","0.14","up","0.51","8.17"
"RFFC","RiverFront Dynamic US Flex-Cap ETF","27.787","0.147","up","0.53","9.47"
"RFG","Guggenheim S&P Midcap 400 Pure Growth ETF","129.78","0.47","up","0.36","3.6"
"RFV","Guggenheim S&P Midcap 400 Pure Value ETF","62.94","0.28","up","0.45","27.64"
"RGI","Guggenheim S&P 500 Equal Weight Industrials ETF","100.8","0.23","up","0.23","20.11"
"RHS","Guggenheim S&P 500 Equal Weight Consumer Staples ETF","120.43","0.15","up","0.12","2.7"
"RIGS","RiverFront Strategic Income Fund","25.11","0","unch","0","4.71"
"RINF","ProShares Inflation Expectations ETF","29.22","0.1795","up","0.62","4.76"
"RJA","Elements Exchange Traded Notes Rogers International Commodity","6.3","0.095","up","1.53","-1.27"
"RJI","Elements Exchange Traded Notes Rogers International Commodity","5.19","0.08","up","1.57","10.13"
"RJN","Elements Exchange Traded Notes Rogers International Commodity","2.73","0.05","up","1.87","16.02"
"RJZ","Elements Exchange Traded Notes Rogers International Commodity","7.53","0.06","up","0.8","15.1"
"RODI","Barclays Return on Disability ETN","55.4717","0","unch","0","-1.63"
"ROLA","iPath Long Extended Russell 1000 TR Index ETN","190.01","0","unch","0","22.96"
"ROM","ProShares Ultra Technology","101.14","1.1736","up","1.17","25.64"
"ROOF","IQ US Real Estate Small Cap ETF","27.46","-0.0099","down","0.04","10.77"
"RORE","Hartford Multifactor REIT ETF","15.1","0","unch","0","3.64"
"ROUS","Hartford Multifactor U.S. Equity ETF","26.185","-0.115","down","0.44","9.74"
"RPG","Guggenheim S&P 500 Pure Growth ETF","84.83","0.39","up","0.46","3.99"
"RPV","Guggenheim S&P 500 Pure Value ETF","58.51","0.18","up","0.31","16.47"
"RSP","Guggenheim S&P 500 Equal Weight ETF","87.76","0.29","up","0.33","12.79"
"RTLA","iPath Short Extended Russell 1000 TR Index ETN","180","0","unch","0","42.15"
"RTM","Guggenheim S&P 500 Equal Weight Materials ETF","92.69","0.67","up","0.73","18.25"
"RVNU","Deutsche X-Trackers Municipal Infrastructure Revenue Bond ETF","25.58","0.01","up","0.04","-2.26"
"RWJ","Oppenheimer Small Cap Revenue ETF","68.5","0.39","up","0.57","28.51"
"RWK","Oppenheimer Mid Cap Revenue ETF","55.325","0.17","up","0.31","19.45"
"RWL","Oppenheimer Large Cap Revenue ETF","44.3021","0.0921","up","0.21","10.17"
"RWM","ProShares Short Russell2000","48.29","-0.21","down","0.43","-20.76"
"RWR","SPDR DJ Wilshire REIT ETF","91.59","0.16","up","0.17","0.24"
"RWW","Oppenheimer Financials Sector Revenue ETF","58.7","0.05","up","0.09","20.95"
"RXD","ProShares UltraShort Health Care","45.15","-1.03","down","2.23","-3.23"
"RXL","ProShares Ultra Health Care","61.36","0.24","up","0.39","-8.16"
"RYE","Guggenheim S&P 500 Equal Weight Energy ETF","65.66","0.5","up","0.77","34.54"
"RYF","Guggenheim S&P 500 Equal Weight Financials ETF","37.38","0.08","up","0.21","23.56"
"RYH","Guggenheim S&P 500 Equal Weight Healthcare ETF","147.43","0.287","up","0.2","-4.64"
"RYJ","Guggenheim Raymond James SB-1 Equity Fund","39","0.195","up","0.5","16.9"
"RYT","Guggenheim S&P 500 Equal Weight Technology ETF","110.76","0.527","up","0.48","18.27"
"RYU","Guggenheim S&P 500 Equal Weight Utilities ETF","81.05","0.05","up","0.06","11.31"
"RZG","Guggenheim S&P Smallcap 600 Pure Growth ETF","98.22","0.73","up","0.75","19.31"
"RZV","Guggenheim S&P Smallcap 600 Pure Value ETF","74.48","0.52","up","0.7","30.51"
"SAA","ProShares Ultra SmallCap600","84","1.54","up","1.87","52.22"
"SAGG","Direxion Daily Total Bond Market Bear 1X Shares","32.3","0.125","up","0.39","-2.31"
"SBB","ProShares Short SmallCap600","38.66","-0.61","down","1.55","-22.89"
"SBM","Short Basic Materials","21.82","0","unch","0","-22.57"
"SBV","iPath Pure Beta S&P GSCI-Weighted ETN","21.03","0","unch","0","-7.76"
"SCAP","AdvisorShares Cornerstone Small Cap ETF","30.4256","0.0956","up","0.32","20.26"
"SCC","ProShares UltraShort Consumer Services","34.143","-0.311","down","0.9","-19.25"
"SCHA","Schwab U.S. Small-Cap ETF","62.29","0.26","up","0.42","17.68"
"SCHB","Schwab U.S. Broad Market ETF","54.86","0.18","up","0.33","10.4"
"SCHD","Schwab US Dividend Equity ETF","44.01","0.07","up","0.16","12.55"
"SCHG","Schwab U.S. Large-Cap Growth ETF","56.65","0.23","up","0.41","6.03"
"SCHH","Schwab U.S. REIT ETF","40.28","0.08","up","0.2","1.88"
"SCHM","Schwab U.S. Mid Cap ETF","45.69","0.15","up","0.33","12.75"
"SCHO","Schwab Short-Term U.S. Treasury ETF","50.38","-0.02","down","0.04","-0.16"
"SCHP","Schwab U.S. TIPs ETF","54.9","-0.03","down","0.05","3.25"
"SCHR","Schwab Intermediate-Term U.S. Treasury ETF","53.08","-0.09","down","0.17","-0.88"
"SCHV","Schwab U.S. Large-Cap Value ETF","48.6","0.06","up","0.12","13.12"
"SCHX","Schwab U.S. Large-Cap ETF","53.93","0.13","up","0.24","9.73"
"SCIU","Global X Scientific Beta US ETF","26.9225","-0.0312","down","0.12","12.53"
"SCO","ProShares UltraShort Bloomberg Crude Oil","63.26","-1.93","down","2.96","-50.01"
"SCTO","Global X JPMorgan US Sector Rotator Index ETF","24.8098","0.1198","up","0.49","6.7"
"SDD","ProShares UltraShort SmallCap600","20.53","-0.412","down","1.97","-42.39"
"SDOG","ALPS Sector Dividend Dogs ETF","42.59","0.09","up","0.21","17.89"
"SDOW","UltraPro Short Dow30","9.97","-0.02","down","0.2","-42.05"
"SDP","ProShares UltraShort Utilities","32.15","-0.35","down","1.08","-35"
"SDS","ProShares UltraShort S&P500","14.74","-0.09","down","0.61","-24.22"
"SDY","SPDR S&P Dividend ETF","86.19","0.23","up","0.27","15.88"
"SDYL","ETRACS Monthly Pay 2x Leveraged S&P Dividend ETN","69.2415","0.6135","up","0.89","38.48"
"SEF","ProShares Short Financials","13.84","-0.02","down","0.14","-17.5"
"SFLA","iPath Long Extended S&P 500 TR Index ETN","206.5","0","unch","0","13.69"
"SGAR","iPath Pure Beta Sugar","29.77","0.5061","up","1.73","28.28"
"SGDM","Sprott Gold Miners ETF","18.08","0.62","up","3.55","34.31"
"SGG","iPath Bloomberg Sugar Sub-Index Total Return ETN","40.71","0.88","up","2.21","15.78"
"SH","ProShares Short S&P500","36.11","-0.09","down","0.25","0"
"SHE","SPDR Series Trust SPDR SSGA Gender Diversity Index ETF","63.24","0.301","up","0.48","5.94"
"SHM","SPDR Nuveen Bloomberg Barclays Short Term Municipal Bond ETF","47.94","0.08","up","0.17","-1.64"
"SHV","iShares Short Treasury Bond ETF","110.3","0","unch","0","0.08"
"SHY","iShares 1-3 Year Treasury Bond ETF","84.3","-0.04","down","0.05","-0.14"
"SHYD","VanEck Vectors Short High-Yield Municipal Index ETF","23.795","0.025","up","0.11","-3.33"
"SICK","Direxion Daily Healthcare Bear 3X Shares","34.6842","-1.3834","down","3.84","-4.45"
"SIJ","ProShares UltraShort Industrials","25.6","-0.14","down","0.54","-37.11"
"SIPE","SPDR Bloomberg Barclays 0-5 Year TIPS ETF","19.79","0.039","up","0.2","2.23"
"SIVR","ETFS Physical Silver Shares Trust ETF","15.59","0.21","up","1.37","9.54"
"SIZ","QuantShares U.S. Market Neutral Size Fund ETF","21.97","0","unch","0","3.34"
"SIZE","iShares Edge MSCI USA Size Factor ETF","72.34","0.11","up","0.15","10.7"
"SJB","ProShares Short High Yield","24.69","0.0271","up","0.11","-14.26"
"SKF","ProShares UltraShort Financials","30.11","-0.1","down","0.33","-33.18"
"SKOR","FlexShares Credit-Scored US Corporate Bond Index Fund","49.6225","-0.0375","down","0.08","-0.94"
"SKYY","First Trust Cloud Computing ETF","34.99","0.16","up","0.46","15.33"
"SLV","iShares Silver Trust","15.13","0.22","up","1.48","9.47"
"SLVO","Credit Suisse Silver Shares Covered Call ETN","8.23","0.12","up","1.48","-14.81"
"SLY","SPDR S&P 600 Small Cap ETF (based on S&P SmallCap 600 Index --","122.48","0.9955","up","0.82","20.94"
"SLYG","SPDR S&P 600 Small Cap Growth ETF (based on S&P SmallCap 600 G","211","1.27","up","0.61","20.05"
"SLYV","SPDR S&P 600 Small Cap Value ETF (based on S&P SmallCap Value","120.88","0.74","up","0.62","26.9"
"SMB","VanEck Vectors AMT-Free Short Municipal Index ETF","17.19","-0.0402","down","0.23","-1.66"
"SMD","SPDR S&P 1000 ETF","89.5009","0.1509","up","0.17","15.69"
"SMDD","UltraPro Short MidCap400","16.2619","-0.1749","down","1.06","-50.59"
"SMDV","Russell 2000 Dividend Growers ETF","54.16","0.18","up","0.33","32.66"
"SMH","VanEck Vectors Semiconductor ETF","73.76","0.62","up","0.85","35.34"
"SMHD","ETRACS Monthly Pay 2x Leveraged US Small Cap High Dividend ETN","22.52","0.1699","up","0.76","46.56"
"SMK","ProShares UltraShort MSCI Mexico Capped IMI","28.0401","-0.4355","down","1.53","5.87"
"SMLF","iShares Edge MSCI Multifactor USA Small-Cap ETF","36.0388","0.2788","up","0.78","20.49"
"SMLL","Direxiion Daily Small Cap Bull 2X Shares","41","0.5501","up","1.36","37.73"
"SMLV","SPDR SSGA US Small Cap Low Volatility Index ETF","94.65","0.56","up","0.6","26.09"
"SMMU","Short Term Municipal Bond Active Exchange-Traded Fund","49.72","0.2009","up","0.41","-1.33"
"SMMV","iShares Edge MSCI Min Vol USA Small-Cap ETF","26.16","0.1901","up","0.73","6.65"
"SMN","ProShares UltraShort Basic Materials","20.61","-0.23","down","1.1","-37.23"
"SOP","ProShares UltraShort Oil & Gas Exploration & Production","10.1","0","unch","0","-72.87"
"SOXL","Direxion Daily Semiconductor Bull 3x Shares","63.63","2.24","up","3.65","120.51"
"SOXS","Direxion Daily Semiconductor Bear 3x Shares","9.73","-0.37","down","3.66","-74"
"SOXX","iShares PHLX SOX Semiconductor Sector Index Fund","127.08","1.55","up","1.23","37.88"
"SOYB","Teucrium Soybean Fund ETV","19.37","0.4","up","2.11","7.36"
"SPDN","Direxion Daily S&P 500 Bear 1X Shares","18.33","-0.04","down","0.22","-7.83"
"SPHB","PowerShares S&P 500 High Beta Portfolio","37.48","0.17","up","0.46","25.03"
"SPHD","PowerShares S&P 500 High Dividend Low Volatility Portfolio","39.56","0.04","up","0.1","17.72"
"SPHQ","PowerShares S&P 500 Quality Portfolio","26.26","0.03","up","0.11","12.29"
"SPLV","PowerShares S&P 500 Low Volatility Portfolio ETF","41.8","0.01","up","0.02","7.54"
"SPLX","ETRACS Monthly Reset 2xLeveraged S&P 500 Total Return ETN","38.62","0.266","up","0.69","28.56"
"SPMO","PowerShares S&P 500 Momentum Portfolio","27.2097","0","unch","0","5.47"
"SPPP","Sprott Physical Platinum and Palladium Trust","6.86","0.12","up","1.78","11.22"
"SPUU","Direxion Daily S&P 500 Bull 2X Shares","38.08","0.2","up","0.53","12.47"
"SPVU","PowerShares S&P 500 Value Portfolio","30.2395","0","unch","0","22.13"
"SPXE","ProShares S&P 500 Ex-Energy ETF","46.752","0.2711","up","0.58","10.22"
"SPXH","Janus Detroit Street Trust Janus Velocity Volatility Hedged La","31.12","-0.0499","down","0.16","7.67"
"SPXL","Direxion Daily S&P 500 Bull 3X Shares","111.67","0.8","up","0.72","29.72"
"SPXN","ProShares S&P 500 Ex-Financials ETF","45.7002","0","unch","0","5.96"
"SPXS","Direxion Daily S&P 500 Bear 3X","10.43","-0.08","down","0.76","-36.11"
"SPXT","ProShares S&P 500 Ex-Technology ETF","45.5325","0","unch","0","6.03"
"SPXU","ProShares UltraPro Short S&P500","19.7","-0.17","down","0.86","-35.47"
"SPXV","ProShares S&P 500 Ex-Health Care ETF","47.5399","-0.0371","down","0.08","9.66"
"SPY","SPDR S&P 500","226.27","0.56","up","0.25","9.56"
"SPYB","SPDR S&P 500 Buyback ETF","53.49","0.27","up","0.51","14.13"
"SPYD","SPDR S&P 500 High Dividend ETF","35.297","0.1371","up","0.39","19.8"
"SPYG","SPDR S&P 500 Growth ETF (based on S&P 500 Growth Index symbol-","106.78","0.37","up","0.35","5.52"
"SPYV","SPDR S&P 500 Value ETF (based on S&P 500 Value Index--symbol:","110.81","0.035","up","0.03","14.11"
"SPYX","SPDR S&P 500 Fossil Fuel Reserves Free ETF","54.32","0.13","up","0.24","10.1"
"SQQQ","ProShares UltraPro Short QQQ","12.33","-0.17","down","1.36","-32.03"
"SRS","ProShares UltraShort Real Estate","36.65","-0.12","down","0.33","-18.25"
"SRTY","ProShares UltraPro Short Russell2000","12.62","-0.18","down","1.41","-54.5"
"SSG","ProShares UltraShort Semiconductors","19.99","-0.59","down","2.87","-50.36"
"SSO","ProShares Ultra S&P500","78.02","0.37","up","0.48","20.8"
"SST","SPDR Bloomberg Barclays Short Term Treasury ETF","29.9801","0","unch","0","-0.43"
"STIP","iShares 0-5 Year TIPS Bond ETF","100.4","0.02","up","0.02","1.58"
"STPP","iPath US Treasury Steepener ETN","35.3","0.3","up","0.86","1.36"
"STPZ","PIMCO 1-5 Year U.S. TIPS Index Exchange-Traded Fund","52.27","-0.03","down","0.06","2.13"
"SUB","iShares Short-Term National Muni Bond ETF","104.91","0.05","up","0.05","-0.89"
"SYBF","SPDR Barclays 0-3 Year US Corporate Bond UCITS ETF","0.0023","0","unch","0","0"
"SYE","SPDR MFS Systematic Core Equity ETF","63.54","0","unch","0","6.77"
"SYG","SPDR MFS Systematic Growth Equity ETF","63.7557","0.4356","up","0.69","1.98"
"SYV","SPDR MFS Systematic Value Equity ETF","58.5","0","unch","0","3.63"
"SZK","ProShares UltraShort Consumer Goods","18.515","-0.1658","down","0.89","-13.76"
"SZO","PowerShares DB Crude Oil Short ETN","78.728","0","unch","0","-16"
"TAGS","Teucrium Agricultural Fund ETV","24.29","0","unch","0","-6.58"
"TALL","RBC S&P 500 Trend Allocator Index ETN","21.65","0","unch","0","1.22"
"TAN","Guggenheim Solar ETF","16.89","0.13","up","0.78","-47.35"
"TAPR","Barclays Inverse US Treasury Composite ETN","29.13","0","unch","0","-10.92"
"TBF","ProShares Short 20+ Year Treasury","24.24","0.1","up","0.41","-2.03"
"TBT","ProShares UltraShort Lehman 20  Year Treasury","41.84","0.22","up","0.53","-4.8"
"TBX","ProShares Short 7 10 Year Treasury","29.27","0.0706","up","0.24","-0.92"
"TBZ","ProShares UltraShort 3 7 Year Treasury","27.6515","0.1015","up","0.37","-3.03"
"TDIV","First Trust NASDAQ Technology Dividend Index Fund","30.04","0.12","up","0.4","16.6"
"TDTF","FlexShares iBoxx 5 Year Target Duration TIPS Index Fund","24.84","-0.05","down","0.2","2.3"
"TDTT","FlexShares iBoxx 3 Year Target Duration TIPS Index Fund","24.62","-0.05","down","0.2","1.82"
"TECL","Direxion Technology Bull 3X Shares","52.62","0.68","up","1.31","38.29"
"TECS","Direxion Technology Bear 3X Shares","16.75","-0.17","down","1","-44.03"
"TFI","SPDR Nuveen Bloomberg Barclays Municipal Bond ETF","47.34","-0.02","down","0.04","-2.75"
"TFLO","iShares Treasury Floating Rate Bond ETF","50.11","0","unch","0","-0.36"
"THHY","VanEck Vectors Treasury-Hedged High Yield Bond ETF","23.89","0.0301","up","0.13","8.75"
"THRK","SPDR Russell 3000 ETF","169.8593","46.8693","up","38.11","10.46"
"TILT","FlexShares Mornigstar US Market Factors Tilt Index Fund ETF","97.63","0.4599","up","0.47","12.6"
"TIP","iShares TIPS Bond ETF","112.37","-0.05","down","0.04","2.59"
"TIPX","SPDR Bloomberg Barclays 1-10 Year TIPS","19.405","0.125","up","0.65","1.96"
"TIPZ","PIMCO Broad U.S. TIPS Index Exchange-Traded Fund","57.17","-0.17","down","0.3","3.63"
"TLH","iShares 10-20 Year Treasury Bond ETF","131.59","-0.28","down","0.21","-2.12"
"TLO","SPDR Bloomberg Barclays Long Term Treasury ETF","68.26","-0.17","down","0.25","-2.62"
"TLT","iShares 20+ Year Treasury Bond ETF","117.67","-0.38","down","0.32","-2.75"
"TMF","Direxion Daily 20-Yr Treasury Bull 3x Shrs","17.42","-0.15","down","0.85","-7.5"
"TMV","Direxion Daily 20-Year Treasury Bear 3X","24.96","0.24","up","0.97","-10.69"
"TNA","Direxion Small Cap Bull 3X Shares","105.29","1.49","up","1.44","55.9"
"TPS","ProShares UltraShort TIPS","26.2","0","unch","0","-7.03"
"TPYP","Tortoise North American Pipeline Fund ETF","24.17","0.09","up","0.37","31.66"
"TQQQ","ProShares UltraPro QQQ","134.82","1.94","up","1.46","13.86"
"TRSK","Janus Detroit Street Trust Janus Velocity Tail Risk Hedged Lar","28.198","0.218","up","0.78","2.57"
"TTFS","AdvisorShares Wilshire Buyback ETF","64.6089","0.2089","up","0.32","16.6"
"TTT","ProShares UltraPro Short 20 Year Treasury","34.1","0.35","up","1.04","-9.42"
"TUSA","First Trust Total US Market AlphaDEX ETF","28.2615","0.2082","up","0.74","13.61"
"TUTT","Tuttle Tactical Management U.S. Core ETF","21.8","0.02","up","0.09","-3.46"
"TUZ","PIMCO 1-3 Year US Treasury Index Exchage-Traded Fund","50.61","-0.02","down","0.04","-0.22"
"TVIX","VelocityShares Daily 2x VIX Short Term ETN","8.3","-0.25","down","2.92","-94.15"
"TVIZ","VelocityShares Daily 2x VIX Medium Term ETN","7.16","-0.19","down","2.59","-45.64"
"TWM","ProShares UltraShort Russell2000","23.14","-0.18","down","0.77","-38.95"
"TWOK","SPDR Russell 2000 ETF","80.71","0.27","up","0.34","19.08"
"TYBS","Direxion Daily 20 Year Treasury Bear 1X Shares","22.1185","0.1684","up","0.77","-2.53"
"TYD","Direxion Daily 10-Yr Treasury Bull 3x Shrs","40.63","-0.23","down","0.56","-8.79"
"TYNS","Direxion Daily 7 10 Year Treasury Bear 1X Shares","29.384","0","unch","0","-1.18"
"TYO","Direxion Daily 10-Yr Treasury Bear 3x Shrs","15.96","0.09","up","0.57","-5.08"
"TZA","Direxion Small Cap Bear 3X Shares","19.12","-0.25","down","1.29","-55.13"
"UAG","UBS E-TRACS CMCI Agriculture Total Return ETN","19.81","0","unch","0","6.91"
"UBC","UBS E-TRACS CMCI Livestock Total Return ETN","17.18","0.03","up","0.17","-5.98"
"UBG","UBS E-TRACS CMCI Gold Total Return ETN","28.95","0.11","up","0.38","4.99"
"UBIO","Proshares UltraPro Nasdaq Biotechnology","22.62","-0.24","down","1.05","-60.55"
"UBM","UBS E-TRACS CMCI Industrial Metals Total Return ETN","14.4834","0","unch","0","26.35"
"UBN","UBS E-TRACS CMCI Energy Total Return ETN","7.36","0","unch","0","20.46"
"UBT","ProShares Ultra 20+ Year Treasury","71.15","-0.62","down","0.86","-3.92"
"UCC","ProShares Ultra Consumer Services","118.91","-2.2747","down","1.88","13.35"
"UCI","UBS E-TRACS CMCI Total Return ETN","14.22","0.19","up","1.35","16.14"
"UCIB","ETRACS UBS Bloomberg Constant Maturity Commodity Indx CMCI Tot","14.2","0.1","up","0.71","16.53"
"UCO","ProShares Ultra Bloomberg Crude Oil","11.68","0.31","up","2.73","-12.61"
"UDN","PowerShares DB USD Index Bearish","20.32","-0.01","down","0.05","-5.49"
"UDOW","ProShares UltraPro Dow30","97.27","0.28","up","0.29","45.65"
"UGA","United States Gasoline Fund LP","31.23","0.62","up","2.03","0"
"UGAZ","VelocityShares 3X Long Natural Gas ETN","46.45","2.09","up","4.71","3.16"
"UGE","ProShares Ultra Consumer Goods","37.45","-0.04","down","0.11","5.26"
"UGL","ProShares Ultra Gold","32.53","0.39","up","1.21","6.07"
"UGLD","VelocityShares 3x Long Gold ETN linked to the S&P GSCI Gold In","8.11","0.14","up","1.76","5.56"
"UHN","United States Diesel Heating Oil Fund LP","16.6926","0.3826","up","2.35","26.83"
"UJB","ProShares Ultra High Yield ETF","60.4671","0","unch","0","25.07"
"UMDD","UltraPro MidCap400","81.4145","1.2845","up","1.6","57.18"
"UMX","ProShares Ultra MSCI Mexico Capped IMI","17.3299","0","unch","0","-30.68"
"UNG","United States Natural Gas Fund LP","9.33","0.15","up","1.63","20.95"
"UNL","United States 12 Month Natural Gas Fund","11.63","0.18","up","1.57","26.8"
"UOP","ProShares Ultra Oil & Gas Exploration & Production","36.924","0.754","up","2.08","65.01"
"UPRO","ProShares UltraPro S&P 500","84.79","0.64","up","0.76","30.18"
"UPW","ProShares Ultra Utilities","39.0385","-0.156","down","0.4","28.82"
"URE","ProShares Ultra Real Estate","111.25","0.36","up","0.32","6.37"
"URTY","ProShares UltraPro Russell2000","123.19","1.59","up","1.31","56.66"
"USAG","United States Agriculture Index Fund ETV","18.17","0","unch","0","-6.29"
"USCI","United States Commodity Index Fund ETV","40.31","0.21","up","0.52","-0.91"
"USD","ProShares Ultra Semiconductors","144.945","3.4969","up","2.47","59.81"
"USDU","WisdomTree Bloomberg U.S. Dollar Bullish Fund","28.26","-0.01","down","0.04","3.4"
"USFR","WisdomTree Bloomberg Floating Rate Treasury Fund","24.9999","0","unch","0","0.52"
"USL","United States 12 Month Oil","20.32","0.22","up","1.09","17.89"
"USLB","PowerShares Russell 1000 Low Beta Equal Weight Portfolio","27.251","0.0365","up","0.13","0"
"USLV","VelocityShares 3x Long Silver ETN linked to the S&P GSCI Silve","11.48","0.47","up","4.27","0.82"
"USMR","Recon Capital USA Managed Risk ETF","25.08","0","unch","0","-2.47"
"USMV","iShares Edge MSCI Min Vol USA ETF","45.42","0.05","up","0.11","7.08"
"USO","United States Oil Fund","11.73","0.17","up","1.47","2.66"
"USRT","iShares Core U.S. REIT ETF","48.02","0.16","up","0.33","0.93"
"USSD","WisdomTree Strong Dollar U.S. Equity Fund","27.43","0","unch","0","13.35"
"UST","ProShares Ultra 7-10 Year Treasury","54.926","-0.2339","down","0.42","-1.96"
"USV","UBS E-TRACS CMCI Silver Total Return ETN","20.671","0","unch","0","12.09"
"USWD","WisdomTree Weak Dollar U.S. Equity Fund","26.8199","0","unch","0","14.03"
"UTES","ETFIS Series Trust I Reaves Utilities ETF","29.52","-0.055","down","0.19","11.54"
"UUP","PowerShares DB USD Index Bullish","26.62","-0.01","down","0.04","4.27"
"UWM","ProShares Ultra Russell2000","114.5","0.99","up","0.87","39.11"
"UXI","ProShares Ultra Industrials","50.17","0.4397","up","0.88","38.13"
"UYG","ProShares Ultra Financials","93.9","0.33","up","0.35","29.63"
"UYM","ProShares Ultra Basic Materials","50.87","0.46","up","0.91","34.86"
"VAMO","Cambria ETF Trust Cambria Value and Momentum ETF","24.29","0.1081","up","0.45","2.72"
"VAW","Vanguard Materials ETF - DNQ","114.56","0.5903","up","0.52","18.94"
"VB","Vanguard Small-Cap ETF - DNQ","130.59","0.47","up","0.36","0"
"VBK","Vanguard Small-Cap Growth ETF - DNQ","134.85","0.66","up","0.49","9.45"
"VBND","Vident Core U.S. Bond Strategy Fund","48.31","-0.12","down","0.25","-1.86"
"VBR","Vanguard Small-Cap Value ETF - DNQ","122.63","0.45","up","0.37","22.03"
"VCR","Vanguard Consumer Discretion ETF - DNQ","130.67","0.55","up","0.42","5.6"
"VDC","Vanguard Consumer Staples ETF - DNQ","134.82","0.01","up","0.01","3.42"
"VDE","Vanguard Energy ETF","106.22","0.29","up","0.27","23.22"
"VFH","Vanguard Financials ETF - DNQ","60.16","0.12","up","0.2","22.93"
"VGIT","Vanguard Intermediate -Term Government Bond ETF","63.56","-0.11","down","0.17","-1.04"
"VGLT","Vanguard Long-Term Government Bond ETF","72.68","-0.28","down","0.38","-2.5"
"VGSH","Vanguard Short-Term Government ETF","60.63","-0.02","down","0.03","-0.16"
"VGT","Vanguard Information Tech ETF - DNQ","123.79","0.62","up","0.5","12.63"
"VHT","Vanguard Health Care ETF - DNQ","128.03","0.13","up","0.1","-4.22"
"VIG","Vanguard Div Appreciation ETF - DNQ","85.97","0.13","up","0.15","9.31"
"VIIX","VelocityShares VIX Short Term ETN","8.05","-0.12","down","1.47","-68.6"
"VIIZ","VelocityShares VIX Medium Term ETN","11.8","-0.08","down","0.67","-22.4"
"VIOG","Vanguard S&P Small-Cap 600 Growth ETF","130.19","0.8","up","0.62","20.35"
"VIOO","Vanguard S&P Small-Cap 600 ETF","126.115","0.745","up","0.59","24.44"
"VIOV","Vanguard S&P Small-Cap 600 Value ETF","122.2027","0.7527","up","0.62","28.45"
"VIS","Vanguard Industrials ETF - DNQ","120.94","0.23","up","0.19","18.58"
"VIXH","First Trust CBOE S&P 500 VIX Tail Hedge Fund","23.9727","0","unch","0","-0.37"
"VIXM","ProShares Trust VIX Mid-Term Futures ETF","41.31","-0.24","down","0.58","-22.93"
"VIXY","ProShares Trust VIX Short-Term Futures ETF","19.82","-0.32","down","1.59","-68.51"
"VLU","SPDR S&P 1500 Value Tilt ETF","89.65","-0.0664","down","0.07","18.02"
"VLUE","iShares Edge MSCI USA Value Factor ETF","71.23","0.17","up","0.24","12.03"
"VMBS","Vanguard Mortgage-Backed Securities ETF","51.91","-0.04","down","0.08","-1.25"
"VNQ","Vanguard REIT ETF - DNQ","80.99","0.17","up","0.21","1.76"
"VO","Vanguard Mid-Cap ETF - DNQ","133.36","0.42","up","0.32","0"
"VOE","Vanguard Mid-Cap Value ETF - DNQ","98.5","0.31","up","0.32","13.03"
"VONE","Vanguard Russell 1000 ETF","103.92","0.29","up","0.28","9.6"
"VONG","Vanguard Russell 1000 Growth ETF","109.01","0.32","up","0.29","5.76"
"VONV","Vanguard Russell 1000 Value ETF","98.82","0.1","up","0.1","13.93"
"VOO","Vanguard S&P 500 ETF","207.7","0.51","up","0.25","9.72"
"VOOG","Vanguard S&P 500 Growth ETF","110.7","0.3","up","0.27","5.64"
"VOOV","Vanguard S&P 500 Value ETF","98.74","0.11","up","0.11","14.25"
"VOT","Vanguard Mid-Cap Growth ETF - DNQ","106.96","0.27","up","0.25","6.13"
"VOX","Vanguard Telecom ETF - DNQ","101.41","0.16","up","0.16","18.57"
"VPU","Vanguard Utilities ETF - DNQ","107.13","0.06","up","0.06","13.42"
"VQT","Barclays ETN S&P VEQTOR ETN","138.28","0.6199","up","0.45","-0.72"
"VRIG","PowerShares Variable Rate Investment Grade Portfolio","25.01","0","unch","0","0"
"VRP","PowerShares Variable Rate Preferred Portfolio","24.55","-0.08","down","0.32","2.37"
"VTEB","Vanguard Tax-Exempt Bond ETF","50.12","0.03","up","0.06","-1.32"
"VTHR","Vanguard Russell 3000 ETF","104.41","0.25","up","0.24","10.61"
"VTI","Vanguard Total Stock Market ETF","116.71","0.29","up","0.25","10.5"
"VTIP","Vanguard Short-Term Inflation-Protected Securities Index Fund","49.01","-0.005","down","0.01","1.81"
"VTV","Vanguard Value ETF - DNQ","94.01","0.12","up","0.13","13.74"
"VTWG","Vanguard Russell 2000 Growth ETF","113.69","1.02","up","0.91","10.05"
"VTWO","Vanguard Russell 2000 ETF","109.53","0.51","up","0.47","19.21"
"VTWV","Vanguard Russell 2000 Value ETF","104.3","0.4659","up","0.45","28.25"
"VUG","Vanguard Growth ETF - DNQ","112.91","0.38","up","0.34","5.01"
"VUSE","Vident Core US Equity ETF","29.5","0.1599","up","0.54","15.56"
"VV","Vanguard Large-Cap ETF - DNQ","103.6","0.21","up","0.2","0"
"VXF","Vanguard Extended Market ETF - DNQ","97.11","0.42","up","0.43","14.29"
"VXX","iPath S&P 500 VIX Short Term Futures ETN","23.82","-0.33","down","1.37","-68.67"
"VXZ","iPath S&P 500 VIX Mid-Term Futures ETN","34.01","-0.25","down","0.73","-22.7"
"VYM","Vanguard High Dividend Yield ETF - DNQ","76.49","0.1","up","0.13","13.1"
"WDRW","Direxion Daily Regional Banks Bear 3X Shares","9.3","0.0661","up","0.72","-74.32"
"WDTI","WisdomTree Managed Futures Strategy Fund","41.56","0.21","up","0.51","-1.36"
"WEAT","Teucrium Wheat Fund ETV","6.88","0.17","up","2.53","-26.67"
"WEET","iPath Pure Beta Grains","33.44","0","unch","0","-0.21"
"WIL","Barclays Women in Leadership ETN","59.3425","0","unch","0","17.27"
"WIP","SPDR Citi International Government Inflation-Protected Bond ET","52.2","-0.06","down","0.11","2.01"
"WMCR","Wilshire Micro-Cap ETF (based on the Wilshire US Micro-Cap Ind","30.2","0.2234","up","0.75","15.62"
"WMW","Elements Exchange Traded Notes Morningstar Wide Moat Focus Tot","25.02","0.15","up","0.6","22.21"
"WREI","Wilshire US REIT","46.2812","0.0662","up","0.14","1.18"
"WYDE","ProShares CDS Short North American HY Credit ETF","34.11","-0.06","down","0.18","-12.38"
"XAR","SPDR S&P Aerospace & Defense ETF","64.52","0.28","up","0.44","21.6"
"XBI","SPDR Series Trust  SPDR S&P Biotech ETF","60.95","-0.58","down","0.94","-13.01"
"XES","SPDR Series Trust SPDR S&P Oil & Gas Equipment & Services ETF","22.9","0.34","up","1.51","21.49"
"XHB","SPDR Series Trust SPDR Homebuilders ETF","34.54","0.26","up","0.76","-0.44"
"XHE","SPDR S&P Health Care Equipment","50.11","-0.1","down","0.2","13.11"
"XHS","SPDR S&P Health Care Services ETF","53.31","0.06","up","0.11","-8.17"
"XIV","VelocityShares Daily Inverse VIX Short Term ETN","50.43","0.84","up","1.69","83.73"
"XIVH","VelocitySharesVIX Short Volatility Hedged ETN","37.12","0","unch","0","48.18"
"XLB","Materials Select Sector SPDR","50.54","0.27","up","0.54","13.71"
"XLE","SPDR Select Sector Fund - Energy Select Sector","76.52","0.17","up","0.22","22.89"
"XLF","SPDR Select Sector Fund - Financial","23.61","0.03","up","0.13","20.7"
"XLG","Guggenheim S&P 500 Top 50 ETF","159.28","0.22","up","0.14","8.98"
"XLI","SPDR Select Sector Fund - Industrial","63.12","0.13","up","0.21","17.78"
"XLK","SPDR Select Sector Fund - Technology","49.17","0.2","up","0.41","13.17"
"XLP","SPDR Select Sector Fund - Consumer Staples","52.05","-0.01","down","0.02","2.24"
"XLU","SPDR Select Sector Fund - Utilities","48.65","0.04","up","0.08","11.75"
"XLV","SPDR Select Sector Fund - Health Care","69.6","0.14","up","0.2","-4.03"
"XLY","SPDR Select Sector Fund - Consumer Discretionary","82.77","0.32","up","0.39","4.78"
"XME","SPDR S&P Metals & Mining ETF","31.44","0.32","up","1.03","100.13"
"XMLV","PowerShares S&P MidCap Low Volatility Portfolio","40.64","0.1","up","0.25","18.82"
"XMPT","VanEck Vectors CEF Municipal Income ETF","25.64","0","unch","0","-3.65"
"XOP","SPDR S&P Oil & Gas Explor & Product","42.45","0.22","up","0.52","35.01"
"XPH","SPDR S&P Pharmaceuticals ETF","39.76","-0.25","down","0.62","-22.88"
"XRLV","PowerShares S&P 500 ex-Rate Sensitive Low Volatility Portfolio","28.21","-0.01","down","0.04","9.85"
"XRT","SPDR S&P Retail ETF","44.91","0.43","up","0.97","1.04"
"XSD","SPDR S&P Semiconductor ETF","58.27","0.8","up","1.39","30.05"
"XSLV","PowerShares S&P SmallCap Low Volatility Portfolio","43.6","0.2","up","0.46","27.76"
"XSW","SPDR S&P Software & Services ETF","55.3229","0.4727","up","0.86","7.95"
"XTH","SPDR S&P Technology Hardware ETF","64.621","0.4933","up","0.77","25.82"
"XTL","SPDR S&P Telecom ETF","70.73","0.35","up","0.5","24.59"
"XTN","SPDR S&P Transportation ETF","54.98","0.06","up","0.11","26.28"
"XVZ","iPath S&P 500 Dynamic VIX ETN","27.87","-0.06","down","0.21","7.18"
"XWEB","SPDR S&P Internet ETF","57.6838","0","unch","0","13.61"
"XXV","iPath Inverse S&P 500 VIX Short-Term Futures ETN","37.8","0","unch","0","-0.84"
"YDIV","First Trust International Multi-Asset Diversified Income Index","15.83","0.1965","up","1.26","-2.74"
"YGRO","RBC Yorkville MLP Distribution Growth Leaders Liquid PR Index","10.8709","0.1001","up","0.93","7.59"
"YMLI","VanEck Vectors High Income Infrastructure MLP ETF","15.7899","0.0199","up","0.13","25.26"
"YMLP","VanEck Vectors High Income MLP ETF","26.06","0.3","up","1.16","9.38"
"ZBIO","ProShares UltraPro Short NASDAQ Biotechnology","22.43","0.25","up","1.13","8.09"
"ZIV","VelocityShares Daily Inverse VIX Medium Term ETN","47.72","0.3","up","0.63","13.72"
"ZLRG","ETFS Zacks Earnings Large-Cap U.S. Index Fund","25.01","0","unch","0","8.79"
"ZROZ","PIMCO 25  Year Zero Coupon U.S. Treasury Index Exchange-Traded","107.88","-0.475","down","0.44","-3.31"
"ZSL","ProShares UltraShort Silver","38.64","-1.15","down","2.89","-34.18"
"ZSML","ETFS Zacks Earnings Small-Cap U.S. Index Fund","25","0","unch","0","14.94"
